seed,fold,model,N,ROC_AUC,AP_correct,AP_incorrect,Log_Loss,Brier,ECE15,Calibration_Intercept,Calibration_Slope,Accuracy,NA_reason
20260713,0,Ablation_no_question,27181,0.7571610012795956,0.8476687474705157,0.6055208990835468,0.553380494306934,0.18818753165001226,0.017091255960953247,-0.08515245287954706,0.9994623334599457,0.7109377874250126,
20260713,0,Ablation_no_subject,27181,0.7608748608526885,0.8504458413272744,0.6084426717208893,0.5503842041555629,0.18698433009039395,0.01761187671226738,-0.08412987783621152,1.0120819816763338,0.7117471763363844,
20260713,0,AdaptiveMath-AI,27181,0.7607764771145812,0.8502912571691122,0.608414644222212,0.5504039906120629,0.1869736399957303,0.016174765967274834,-0.07778212260262068,1.0135327076674194,0.7115632243110726,
20260713,0,Converged_item_intercept,27181,0.7608793339108941,0.8504460840122059,0.6081780856847201,0.5501840692629667,0.18688871923327985,0.013801989436045457,-0.06662479613832202,1.017835593270625,0.7115632243110726,
20260713,0,HGB100,27181,0.7581622482740539,0.8486755906678214,0.606806902214478,0.552142428059098,0.18776345135813147,0.016467293727297688,-0.0665295138437501,0.9972625258542828,0.7114528530958855,
20260713,0,HGB80,27181,0.7581676777427306,0.8486494896854351,0.6067407938266791,0.5521651824834268,0.18776588597416638,0.015092128609270164,-0.07040209250552176,1.0038888108451647,0.7116735955262596,
20260713,0,No_calibration,27181,0.7607764771145812,0.8502912571691122,0.608414644222212,0.5504039906120629,0.1869736399957303,0.016174765967274834,-0.07778212260262068,1.0135327076674194,0.7115632243110726,
20260713,0,Question_only,27181,0.7608836068586009,0.8504475543671655,0.6081808399346473,0.550178970516222,0.1868861137730346,0.01378176767718269,-0.06647859762274297,1.0179017639668226,0.7114896435009479,
20260713,0,RecentQuestionRateControl,27181,0.7599726008706358,0.8497656484364464,0.6081437587073963,0.5509142844481143,0.18718015787999037,0.01303352979107397,-0.049717547898406,0.9924596752136653,0.7109009970199502,
20260713,1,Ablation_no_question,15987,0.7477105967600371,0.8196450641086936,0.6244020300895609,0.5769385869198573,0.19794329660631085,0.021821125174107274,-0.09391653771293847,0.9710509358692645,0.6949396384562678,
20260713,1,Ablation_no_subject,15987,0.7511963445637317,0.8220546134618434,0.6285932315748594,0.574086541542477,0.1966927226117134,0.019841456437111264,-0.08609192406418732,0.9816967616111762,0.6959404516169609,
20260713,1,AdaptiveMath-AI,15987,0.7510843713066684,0.8219880709226478,0.6284395611058853,0.5741367901506337,0.19671704241448468,0.019077979059915203,-0.08306800869277155,0.9828106089412886,0.6956276975042444,
20260713,1,Converged_item_intercept,15987,0.7509727080214683,0.8218803354510498,0.6284638102985425,0.5742018514528431,0.1967427536880997,0.01898074989022957,-0.08147029795766927,0.9834186576273058,0.6948770876337245,
20260713,1,HGB100,15987,0.7469550974431661,0.818783409816617,0.6261515317561999,0.5770832005763706,0.1980712228181736,0.022755649107197486,-0.07567584596400007,0.9559955543571926,0.6943766810533779,
20260713,1,HGB80,15987,0.7478658355635026,0.8198067609221047,0.6254495046211388,0.5762045416077073,0.19773243045796207,0.020112076805377188,-0.07958809933510386,0.9695724961439178,0.6956902483267877,
20260713,1,No_calibration,15987,0.7510843713066684,0.8219880709226478,0.6284395611058853,0.5741367901506337,0.19671704241448468,0.019077979059915203,-0.08306800869277155,0.9828106089412886,0.6956276975042444,
20260713,1,Question_only,15987,0.7509820887489123,0.8218883675097062,0.6284951853397645,0.5741852411016538,0.1967360859475224,0.018934115210561726,-0.08124061310561774,0.983568637811128,0.6948770876337245,
20260713,1,RecentQuestionRateControl,15987,0.7499829597045908,0.8210980401709342,0.6264685650594465,0.575235588151338,0.19712154466946516,0.02075484721308017,-0.06543157656716757,0.9561031609772479,0.6935009695377714,
20260713,2,Ablation_no_question,27052,0.7516129229025257,0.8279180993161432,0.6225793006341238,0.5693984943326784,0.19473753014803033,0.011450368858486713,-0.06272940640356103,1.0236472547478306,0.6992458967913768,
20260713,2,Ablation_no_subject,27052,0.7561001378571816,0.830743258515146,0.6313621633691422,0.565849809000692,0.1931861585687483,0.010662982028223023,-0.0628080558673322,1.041508389512855,0.703386071270159,
20260713,2,AdaptiveMath-AI,27052,0.7559943936464772,0.8306349077738101,0.6313250487457212,0.5659250508315208,0.19321242922804938,0.010608301974603128,-0.0626088485581516,1.0399422847979232,0.7035709004879618,
20260713,2,Converged_item_intercept,27052,0.7560836656759049,0.8307923894929516,0.6314239747373128,0.5658300794513083,0.1931847458198004,0.01068053307760085,-0.061014650602920426,1.043102364304728,0.7032751737394773,
20260713,2,HGB100,27052,0.7505827195972541,0.8274673668561539,0.6200732185359926,0.5700586343584344,0.19510734881445913,0.012483708335512414,-0.06224039021031387,1.0180275190887886,0.6989132041993318,
20260713,2,HGB80,27052,0.7504218619136489,0.8272509076357125,0.6206331597532803,0.5701744664781205,0.19514668106814226,0.011905310966775991,-0.062306356828677446,1.0218544566706438,0.6984326482330446,
20260713,2,No_calibration,27052,0.7559943936464772,0.8306349077738101,0.6313250487457212,0.5659250508315208,0.19321242922804938,0.010608301974603128,-0.0626088485581516,1.0399422847979232,0.7035709004879618,
20260713,2,Question_only,27052,0.7560858236035831,0.8307939536940133,0.6314233139079239,0.5658249494046663,0.19318240850760274,0.010593313449749075,-0.06071464760650055,1.0432468137193986,0.7032382078959167,
20260713,2,RecentQuestionRateControl,27052,0.7554921834537908,0.8302117358333261,0.6300363635610742,0.5663753917588512,0.19336836901902776,0.010702717926585724,-0.041650803601984296,1.0090599842170755,0.7032751737394773,
20260713,3,Ablation_no_question,22348,0.7612706056855838,0.850807899303854,0.6131577786304983,0.5487474336157425,0.18615581335846332,0.012816813359088748,0.05573333922464295,1.0283899447807217,0.7172901378199117,
20260713,3,Ablation_no_subject,22348,0.765718382148537,0.8539325080567457,0.6145508438259271,0.5452485059904157,0.1846927696359842,0.012006751702359545,0.05676908762677331,1.019741644891261,0.7197512081617765,
20260713,3,AdaptiveMath-AI,22348,0.7656750358547957,0.8539303633234179,0.6145341924000713,0.545266822061173,0.18470732339785276,0.012487658220849598,0.056778844594349606,1.019356007050754,0.720198675496661,
20260713,3,Converged_item_intercept,22348,0.765791437405682,0.854012319941124,0.6145344285251584,0.5451724666333496,0.18466550215521493,0.0118512289964898,0.055787338247029666,1.0201399344325497,0.7198407016287534,
20260713,3,HGB100,22348,0.7611868665442426,0.850853588982751,0.611702661728641,0.5484205549997796,0.186050827277266,0.008463893718216719,-0.0005544228239842968,1.0095060522315187,0.7174691247538655,
20260713,3,HGB80,22348,0.761183546643927,0.8508113845245893,0.61285960319859,0.5484288181817626,0.18604368535296856,0.01002881875119805,-0.0031719509776694742,1.0129526674032514,0.7166636835510735,
20260713,3,No_calibration,22348,0.7656750358547957,0.8539303633234179,0.6145341924000713,0.5449516746612129,0.18459232745722207,0.010614239429925558,-0.007463920513538852,1.0356322426867792,0.7209593699659645,
20260713,3,Question_only,22348,0.7657873889595677,0.8540082706285368,0.6145238979493225,0.5451748061081327,0.1846661903549144,0.011949799557279898,0.05577415662101857,1.0200727530215281,0.7198407016287534,
20260713,3,RecentQuestionRateControl,22348,0.7653198501465083,0.8534956166388655,0.6145173716636254,0.5458432379205961,0.18485583768692235,0.012760707749684548,0.0577160472829093,1.0274120919149243,0.7197959548952649,
20260713,4,Ablation_no_question,31522,0.7620716823192477,0.8619146007842333,0.5983014723571819,0.5356436344519482,0.18065844321673863,0.00960734088321765,0.043928584184034086,1.0148463565801433,0.7265719180255403,
20260713,4,Ablation_no_subject,31522,0.767767175844594,0.8658282664909006,0.604029129080929,0.5311919993315257,0.1788262910979064,0.008732030153985694,-0.005700344730276058,1.056474861944992,0.7304422308229519,
20260713,4,AdaptiveMath-AI,31522,0.7678498599260497,0.8658749016114693,0.6040707481567339,0.5311310260001667,0.17879888985261483,0.008877971490517134,-0.006491210059750956,1.056656703454073,0.7300615443182885,
20260713,4,Converged_item_intercept,31522,0.7676882953078616,0.8657285034015042,0.6038383472379074,0.5312402280472572,0.1788379952861609,0.009164746394526814,-0.00879925368782598,1.055977513293105,0.7305691263245064,
20260713,4,HGB100,31522,0.762766773325417,0.8628717418233802,0.5966227712171839,0.5349594511594834,0.18046862186113224,0.008963305193850172,0.037889873857816996,1.019640939416811,0.7270477761563696,
20260713,4,HGB80,31522,0.7626367260560952,0.8627753277421081,0.596480272144798,0.5349750661769028,0.18046441929803625,0.006299339279654366,-0.0016652760124990199,1.0388859504428307,0.7269843284055924,
20260713,4,No_calibration,31522,0.7678498599260497,0.8658749016114693,0.6040707481567339,0.5311310260001667,0.17879888985261483,0.008877971490517134,-0.006491210059750956,1.056656703454073,0.7300615443182885,
20260713,4,Question_only,31522,0.7676902242484,0.8657280087501498,0.6038432362526135,0.5312409906526763,0.17883774306411812,0.009100963712067695,-0.008489073094561126,1.0560992808159935,0.7305691263245064,
20260713,4,RecentQuestionRateControl,31522,0.767096767126862,0.8655899102275884,0.6023872377707573,0.5316133315097118,0.1790305074994626,0.008085485419366902,0.011799501010937827,1.023391435755532,0.7291415519320186,
20260713,5,Ablation_no_question,19475,0.7598275000716551,0.8825730445038332,0.5493892569731427,0.5057341104237245,0.16753470182364238,0.019856555653162532,0.11046670504225618,0.9946264685109983,0.7529139922977969,
20260713,5,Ablation_no_subject,19475,0.7655906488608615,0.8859041911272687,0.5598304516506627,0.5015399963005391,0.1659231956675199,0.01889559092039815,0.09662331273577796,1.018043641607354,0.7558408215660892,
20260713,5,AdaptiveMath-AI,19475,0.7656570702215342,0.8859191477664433,0.5599190749844625,0.5014629519947453,0.16588616676293416,0.01848856888724727,0.09426953458890333,1.0186879294602538,0.7560975609755886,
20260713,5,Converged_item_intercept,19475,0.7656667076267151,0.8858904869255394,0.560014503019673,0.5014369027883184,0.16586877809909453,0.018197118643269963,0.09285261852535306,1.018384117071644,0.7557894736841894,
20260713,5,HGB100,19475,0.7604282706790937,0.8820946394621361,0.5554602145784282,0.5055046574586899,0.16733545134829714,0.020197473430197996,0.1109037130311846,0.993315535756577,0.753632862644395,
20260713,5,HGB80,19475,0.7604609351097436,0.8821724361072956,0.5544870987977225,0.5054586611578766,0.1673444493391134,0.02022326834819213,0.10933268156865572,0.9982441587911421,0.7528112965339971,
20260713,5,No_calibration,19475,0.7656570702215342,0.8859191477664433,0.5599190749844625,0.5014629519947453,0.16588616676293416,0.01848856888724727,0.09426953458890333,1.0186879294602538,0.7560975609755886,
20260713,5,Question_only,19475,0.7656591121548855,0.8858865076122897,0.5599734569327057,0.5014478657619746,0.1658728855553444,0.018248315535722235,0.09309887821564512,1.0184757659516357,0.7557894736841894,
20260713,5,RecentQuestionRateControl,19475,0.7654560568399256,0.8859305438044774,0.5585074184456638,0.5016851323237692,0.16603341004378316,0.01877812464862077,0.11655729006986454,0.986609694483852,0.7540949935814938,
20260714,0,Ablation_no_question,27181,0.7571610012795956,0.8476687474705157,0.6055208990835468,0.553380494306934,0.18818753165001226,0.017091255960953247,-0.08515245287954706,0.9994623334599457,0.7109377874250126,
20260714,0,Ablation_no_subject,27181,0.7608748608526885,0.8504458413272744,0.6084426717208893,0.5503842041555629,0.18698433009039395,0.01761187671226738,-0.08412987783621152,1.0120819816763338,0.7117471763363844,
20260714,0,AdaptiveMath-AI,27181,0.7607764771145812,0.8502912571691122,0.608414644222212,0.5504039906120629,0.1869736399957303,0.016174765967274834,-0.07778212260262068,1.0135327076674194,0.7115632243110726,
20260714,0,Converged_item_intercept,27181,0.7608793339108941,0.8504460840122059,0.6081780856847201,0.5501840692629667,0.18688871923327985,0.013801989436045457,-0.06662479613832202,1.017835593270625,0.7115632243110726,
20260714,0,HGB100,27181,0.7581622482740539,0.8486755906678214,0.606806902214478,0.552142428059098,0.18776345135813147,0.016467293727297688,-0.0665295138437501,0.9972625258542828,0.7114528530958855,
20260714,0,HGB80,27181,0.7581676777427306,0.8486494896854351,0.6067407938266791,0.5521651824834268,0.18776588597416638,0.015092128609270164,-0.07040209250552176,1.0038888108451647,0.7116735955262596,
20260714,0,No_calibration,27181,0.7607764771145812,0.8502912571691122,0.608414644222212,0.5504039906120629,0.1869736399957303,0.016174765967274834,-0.07778212260262068,1.0135327076674194,0.7115632243110726,
20260714,0,Question_only,27181,0.7608836068586009,0.8504475543671655,0.6081808399346473,0.550178970516222,0.1868861137730346,0.01378176767718269,-0.06647859762274297,1.0179017639668226,0.7114896435009479,
20260714,0,RecentQuestionRateControl,27181,0.7599726008706358,0.8497656484364464,0.6081437587073963,0.5509142844481143,0.18718015787999037,0.01303352979107397,-0.049717547898406,0.9924596752136653,0.7109009970199502,
20260714,1,Ablation_no_question,15987,0.7477105967600371,0.8196450641086936,0.6244020300895609,0.5769385869198573,0.19794329660631085,0.021821125174107274,-0.09391653771293847,0.9710509358692645,0.6949396384562678,
20260714,1,Ablation_no_subject,15987,0.7511963445637317,0.8220546134618434,0.6285932315748594,0.574086541542477,0.1966927226117134,0.019841456437111264,-0.08609192406418732,0.9816967616111762,0.6959404516169609,
20260714,1,AdaptiveMath-AI,15987,0.7510843713066684,0.8219880709226478,0.6284395611058853,0.5741367901506337,0.19671704241448468,0.019077979059915203,-0.08306800869277155,0.9828106089412886,0.6956276975042444,
20260714,1,Converged_item_intercept,15987,0.7509727080214683,0.8218803354510498,0.6284638102985425,0.5742018514528431,0.1967427536880997,0.01898074989022957,-0.08147029795766927,0.9834186576273058,0.6948770876337245,
20260714,1,HGB100,15987,0.7469550974431661,0.818783409816617,0.6261515317561999,0.5770832005763706,0.1980712228181736,0.022755649107197486,-0.07567584596400007,0.9559955543571926,0.6943766810533779,
20260714,1,HGB80,15987,0.7478658355635026,0.8198067609221047,0.6254495046211388,0.5762045416077073,0.19773243045796207,0.020112076805377188,-0.07958809933510386,0.9695724961439178,0.6956902483267877,
20260714,1,No_calibration,15987,0.7510843713066684,0.8219880709226478,0.6284395611058853,0.5741367901506337,0.19671704241448468,0.019077979059915203,-0.08306800869277155,0.9828106089412886,0.6956276975042444,
20260714,1,Question_only,15987,0.7509820887489123,0.8218883675097062,0.6284951853397645,0.5741852411016538,0.1967360859475224,0.018934115210561726,-0.08124061310561774,0.983568637811128,0.6948770876337245,
20260714,1,RecentQuestionRateControl,15987,0.7499829597045908,0.8210980401709342,0.6264685650594465,0.575235588151338,0.19712154466946516,0.02075484721308017,-0.06543157656716757,0.9561031609772479,0.6935009695377714,
20260714,2,Ablation_no_question,27052,0.7516129229025257,0.8279180993161432,0.6225793006341238,0.5693984943326784,0.19473753014803033,0.011450368858486713,-0.06272940640356103,1.0236472547478306,0.6992458967913768,
20260714,2,Ablation_no_subject,27052,0.7561001378571816,0.830743258515146,0.6313621633691422,0.565849809000692,0.1931861585687483,0.010662982028223023,-0.0628080558673322,1.041508389512855,0.703386071270159,
20260714,2,AdaptiveMath-AI,27052,0.7559943936464772,0.8306349077738101,0.6313250487457212,0.5659250508315208,0.19321242922804938,0.010608301974603128,-0.0626088485581516,1.0399422847979232,0.7035709004879618,
20260714,2,Converged_item_intercept,27052,0.7560836656759049,0.8307923894929516,0.6314239747373128,0.5658300794513083,0.1931847458198004,0.01068053307760085,-0.061014650602920426,1.043102364304728,0.7032751737394773,
20260714,2,HGB100,27052,0.7505827195972541,0.8274673668561539,0.6200732185359926,0.5700586343584344,0.19510734881445913,0.012483708335512414,-0.06224039021031387,1.0180275190887886,0.6989132041993318,
20260714,2,HGB80,27052,0.7504218619136489,0.8272509076357125,0.6206331597532803,0.5701744664781205,0.19514668106814226,0.011905310966775991,-0.062306356828677446,1.0218544566706438,0.6984326482330446,
20260714,2,No_calibration,27052,0.7559943936464772,0.8306349077738101,0.6313250487457212,0.5659250508315208,0.19321242922804938,0.010608301974603128,-0.0626088485581516,1.0399422847979232,0.7035709004879618,
20260714,2,Question_only,27052,0.7560858236035831,0.8307939536940133,0.6314233139079239,0.5658249494046663,0.19318240850760274,0.010593313449749075,-0.06071464760650055,1.0432468137193986,0.7032382078959167,
20260714,2,RecentQuestionRateControl,27052,0.7554921834537908,0.8302117358333261,0.6300363635610742,0.5663753917588512,0.19336836901902776,0.010702717926585724,-0.041650803601984296,1.0090599842170755,0.7032751737394773,
20260714,3,Ablation_no_question,22348,0.7612706056855838,0.850807899303854,0.6131577786304983,0.5487474336157425,0.18615581335846332,0.012816813359088748,0.05573333922464295,1.0283899447807217,0.7172901378199117,
20260714,3,Ablation_no_subject,22348,0.765718382148537,0.8539325080567457,0.6145508438259271,0.5452485059904157,0.1846927696359842,0.012006751702359545,0.05676908762677331,1.019741644891261,0.7197512081617765,
20260714,3,AdaptiveMath-AI,22348,0.7656750358547957,0.8539303633234179,0.6145341924000713,0.545266822061173,0.18470732339785276,0.012487658220849598,0.056778844594349606,1.019356007050754,0.720198675496661,
20260714,3,Converged_item_intercept,22348,0.765791437405682,0.854012319941124,0.6145344285251584,0.5451724666333496,0.18466550215521493,0.0118512289964898,0.055787338247029666,1.0201399344325497,0.7198407016287534,
20260714,3,HGB100,22348,0.7611868665442426,0.850853588982751,0.611702661728641,0.5484205549997796,0.186050827277266,0.008463893718216719,-0.0005544228239842968,1.0095060522315187,0.7174691247538655,
20260714,3,HGB80,22348,0.761183546643927,0.8508113845245893,0.61285960319859,0.5484288181817626,0.18604368535296856,0.01002881875119805,-0.0031719509776694742,1.0129526674032514,0.7166636835510735,
20260714,3,No_calibration,22348,0.7656750358547957,0.8539303633234179,0.6145341924000713,0.5449516746612129,0.18459232745722207,0.010614239429925558,-0.007463920513538852,1.0356322426867792,0.7209593699659645,
20260714,3,Question_only,22348,0.7657873889595677,0.8540082706285368,0.6145238979493225,0.5451748061081327,0.1846661903549144,0.011949799557279898,0.05577415662101857,1.0200727530215281,0.7198407016287534,
20260714,3,RecentQuestionRateControl,22348,0.7653198501465083,0.8534956166388655,0.6145173716636254,0.5458432379205961,0.18485583768692235,0.012760707749684548,0.0577160472829093,1.0274120919149243,0.7197959548952649,
20260714,4,Ablation_no_question,31522,0.7620716823192477,0.8619146007842333,0.5983014723571819,0.5356436344519482,0.18065844321673863,0.00960734088321765,0.043928584184034086,1.0148463565801433,0.7265719180255403,
20260714,4,Ablation_no_subject,31522,0.767767175844594,0.8658282664909006,0.604029129080929,0.5311919993315257,0.1788262910979064,0.008732030153985694,-0.005700344730276058,1.056474861944992,0.7304422308229519,
20260714,4,AdaptiveMath-AI,31522,0.7678498599260497,0.8658749016114693,0.6040707481567339,0.5311310260001667,0.17879888985261483,0.008877971490517134,-0.006491210059750956,1.056656703454073,0.7300615443182885,
20260714,4,Converged_item_intercept,31522,0.7676882953078616,0.8657285034015042,0.6038383472379074,0.5312402280472572,0.1788379952861609,0.009164746394526814,-0.00879925368782598,1.055977513293105,0.7305691263245064,
20260714,4,HGB100,31522,0.7626531809150537,0.8624441119847644,0.5963026469398081,0.535174582837834,0.18050050426303674,0.008726785732655378,0.037179615576715994,1.0221144260293005,0.7279043207918623,
20260714,4,HGB80,31522,0.7627135576595093,0.8625200551470227,0.5962016237151659,0.5350240186505043,0.18043149141232626,0.0057702414565445545,-0.0020525226532023115,1.0406472388270716,0.7271112239071469,
20260714,4,No_calibration,31522,0.7678498599260497,0.8658749016114693,0.6040707481567339,0.5311310260001667,0.17879888985261483,0.008877971490517134,-0.006491210059750956,1.056656703454073,0.7300615443182885,
20260714,4,Question_only,31522,0.7676902242484,0.8657280087501498,0.6038432362526135,0.5312409906526763,0.17883774306411812,0.009100963712067695,-0.008489073094561126,1.0560992808159935,0.7305691263245064,
20260714,4,RecentQuestionRateControl,31522,0.767096767126862,0.8655899102275884,0.6023872377707573,0.5316133315097118,0.1790305074994626,0.008085485419366902,0.011799501010937827,1.023391435755532,0.7291415519320186,
20260714,5,Ablation_no_question,19475,0.7598275000716551,0.8825730445038332,0.5493892569731427,0.5057341104237245,0.16753470182364238,0.019856555653162532,0.11046670504225618,0.9946264685109983,0.7529139922977969,
20260714,5,Ablation_no_subject,19475,0.7655906488608615,0.8859041911272687,0.5598304516506627,0.5015399963005391,0.1659231956675199,0.01889559092039815,0.09662331273577796,1.018043641607354,0.7558408215660892,
20260714,5,AdaptiveMath-AI,19475,0.7656570702215342,0.8859191477664433,0.5599190749844625,0.5014629519947453,0.16588616676293416,0.01848856888724727,0.09426953458890333,1.0186879294602538,0.7560975609755886,
20260714,5,Converged_item_intercept,19475,0.7656667076267151,0.8858904869255394,0.560014503019673,0.5014369027883184,0.16586877809909453,0.018197118643269963,0.09285261852535306,1.018384117071644,0.7557894736841894,
20260714,5,HGB100,19475,0.7604872136214411,0.8827943809364102,0.5523833603399075,0.5054490639632975,0.16742917414016306,0.019540305562227942,0.11199146853327263,0.9934006816702403,0.753632862644395,
20260714,5,HGB80,19475,0.7604615919099618,0.8826492280986231,0.5518017032543978,0.505515766585126,0.16744553452643052,0.019660616168665768,0.11076037038232595,0.9967721997230481,0.7536842105262949,
20260714,5,No_calibration,19475,0.7656570702215342,0.8859191477664433,0.5599190749844625,0.5014629519947453,0.16588616676293416,0.01848856888724727,0.09426953458890333,1.0186879294602538,0.7560975609755886,
20260714,5,Question_only,19475,0.7656591121548855,0.8858865076122897,0.5599734569327057,0.5014478657619746,0.1658728855553444,0.018248315535722235,0.09309887821564512,1.0184757659516357,0.7557894736841894,
20260714,5,RecentQuestionRateControl,19475,0.7654560568399256,0.8859305438044774,0.5585074184456638,0.5016851323237692,0.16603341004378316,0.01877812464862077,0.11655729006986454,0.986609694483852,0.7540949935814938,
20260715,0,Ablation_no_question,27181,0.7571610012795956,0.8476687474705157,0.6055208990835468,0.553380494306934,0.18818753165001226,0.017091255960953247,-0.08515245287954706,0.9994623334599457,0.7109377874250126,
20260715,0,Ablation_no_subject,27181,0.7608748608526885,0.8504458413272744,0.6084426717208893,0.5503842041555629,0.18698433009039395,0.01761187671226738,-0.08412987783621152,1.0120819816763338,0.7117471763363844,
20260715,0,AdaptiveMath-AI,27181,0.7607764771145812,0.8502912571691122,0.608414644222212,0.5504039906120629,0.1869736399957303,0.016174765967274834,-0.07778212260262068,1.0135327076674194,0.7115632243110726,
20260715,0,Converged_item_intercept,27181,0.7608793339108941,0.8504460840122059,0.6081780856847201,0.5501840692629667,0.18688871923327985,0.013801989436045457,-0.06662479613832202,1.017835593270625,0.7115632243110726,
20260715,0,HGB100,27181,0.7581622482740539,0.8486755906678214,0.606806902214478,0.552142428059098,0.18776345135813147,0.016467293727297688,-0.0665295138437501,0.9972625258542828,0.7114528530958855,
20260715,0,HGB80,27181,0.7581676777427306,0.8486494896854351,0.6067407938266791,0.5521651824834268,0.18776588597416638,0.015092128609270164,-0.07040209250552176,1.0038888108451647,0.7116735955262596,
20260715,0,No_calibration,27181,0.7607764771145812,0.8502912571691122,0.608414644222212,0.5504039906120629,0.1869736399957303,0.016174765967274834,-0.07778212260262068,1.0135327076674194,0.7115632243110726,
20260715,0,Question_only,27181,0.7608836068586009,0.8504475543671655,0.6081808399346473,0.550178970516222,0.1868861137730346,0.01378176767718269,-0.06647859762274297,1.0179017639668226,0.7114896435009479,
20260715,0,RecentQuestionRateControl,27181,0.7599726008706358,0.8497656484364464,0.6081437587073963,0.5509142844481143,0.18718015787999037,0.01303352979107397,-0.049717547898406,0.9924596752136653,0.7109009970199502,
20260715,1,Ablation_no_question,15987,0.7477105967600371,0.8196450641086936,0.6244020300895609,0.5769385869198573,0.19794329660631085,0.021821125174107274,-0.09391653771293847,0.9710509358692645,0.6949396384562678,
20260715,1,Ablation_no_subject,15987,0.7511963445637317,0.8220546134618434,0.6285932315748594,0.574086541542477,0.1966927226117134,0.019841456437111264,-0.08609192406418732,0.9816967616111762,0.6959404516169609,
20260715,1,AdaptiveMath-AI,15987,0.7510843713066684,0.8219880709226478,0.6284395611058853,0.5741367901506337,0.19671704241448468,0.019077979059915203,-0.08306800869277155,0.9828106089412886,0.6956276975042444,
20260715,1,Converged_item_intercept,15987,0.7509727080214683,0.8218803354510498,0.6284638102985425,0.5742018514528431,0.1967427536880997,0.01898074989022957,-0.08147029795766927,0.9834186576273058,0.6948770876337245,
20260715,1,HGB100,15987,0.7469550974431661,0.818783409816617,0.6261515317561999,0.5770832005763706,0.1980712228181736,0.022755649107197486,-0.07567584596400007,0.9559955543571926,0.6943766810533779,
20260715,1,HGB80,15987,0.7478658355635026,0.8198067609221047,0.6254495046211388,0.5762045416077073,0.19773243045796207,0.020112076805377188,-0.07958809933510386,0.9695724961439178,0.6956902483267877,
20260715,1,No_calibration,15987,0.7510843713066684,0.8219880709226478,0.6284395611058853,0.5741367901506337,0.19671704241448468,0.019077979059915203,-0.08306800869277155,0.9828106089412886,0.6956276975042444,
20260715,1,Question_only,15987,0.7509820887489123,0.8218883675097062,0.6284951853397645,0.5741852411016538,0.1967360859475224,0.018934115210561726,-0.08124061310561774,0.983568637811128,0.6948770876337245,
20260715,1,RecentQuestionRateControl,15987,0.7499829597045908,0.8210980401709342,0.6264685650594465,0.575235588151338,0.19712154466946516,0.02075484721308017,-0.06543157656716757,0.9561031609772479,0.6935009695377714,
20260715,2,Ablation_no_question,27052,0.7516129229025257,0.8279180993161432,0.6225793006341238,0.5693984943326784,0.19473753014803033,0.011450368858486713,-0.06272940640356103,1.0236472547478306,0.6992458967913768,
20260715,2,Ablation_no_subject,27052,0.7561001378571816,0.830743258515146,0.6313621633691422,0.565849809000692,0.1931861585687483,0.010662982028223023,-0.0628080558673322,1.041508389512855,0.703386071270159,
20260715,2,AdaptiveMath-AI,27052,0.7559943936464772,0.8306349077738101,0.6313250487457212,0.5659250508315208,0.19321242922804938,0.010608301974603128,-0.0626088485581516,1.0399422847979232,0.7035709004879618,
20260715,2,Converged_item_intercept,27052,0.7560836656759049,0.8307923894929516,0.6314239747373128,0.5658300794513083,0.1931847458198004,0.01068053307760085,-0.061014650602920426,1.043102364304728,0.7032751737394773,
20260715,2,HGB100,27052,0.7505827195972541,0.8274673668561539,0.6200732185359926,0.5700586343584344,0.19510734881445913,0.012483708335512414,-0.06224039021031387,1.0180275190887886,0.6989132041993318,
20260715,2,HGB80,27052,0.7504218619136489,0.8272509076357125,0.6206331597532803,0.5701744664781205,0.19514668106814226,0.011905310966775991,-0.062306356828677446,1.0218544566706438,0.6984326482330446,
20260715,2,No_calibration,27052,0.7559943936464772,0.8306349077738101,0.6313250487457212,0.5659250508315208,0.19321242922804938,0.010608301974603128,-0.0626088485581516,1.0399422847979232,0.7035709004879618,
20260715,2,Question_only,27052,0.7560858236035831,0.8307939536940133,0.6314233139079239,0.5658249494046663,0.19318240850760274,0.010593313449749075,-0.06071464760650055,1.0432468137193986,0.7032382078959167,
20260715,2,RecentQuestionRateControl,27052,0.7554921834537908,0.8302117358333261,0.6300363635610742,0.5663753917588512,0.19336836901902776,0.010702717926585724,-0.041650803601984296,1.0090599842170755,0.7032751737394773,
20260715,3,Ablation_no_question,22348,0.7612706056855838,0.850807899303854,0.6131577786304983,0.5487474336157425,0.18615581335846332,0.012816813359088748,0.05573333922464295,1.0283899447807217,0.7172901378199117,
20260715,3,Ablation_no_subject,22348,0.765718382148537,0.8539325080567457,0.6145508438259271,0.5452485059904157,0.1846927696359842,0.012006751702359545,0.05676908762677331,1.019741644891261,0.7197512081617765,
20260715,3,AdaptiveMath-AI,22348,0.7656750358547957,0.8539303633234179,0.6145341924000713,0.545266822061173,0.18470732339785276,0.012487658220849598,0.056778844594349606,1.019356007050754,0.720198675496661,
20260715,3,Converged_item_intercept,22348,0.765791437405682,0.854012319941124,0.6145344285251584,0.5451724666333496,0.18466550215521493,0.0118512289964898,0.055787338247029666,1.0201399344325497,0.7198407016287534,
20260715,3,HGB100,22348,0.7611868665442426,0.850853588982751,0.611702661728641,0.5484205549997796,0.186050827277266,0.008463893718216719,-0.0005544228239842968,1.0095060522315187,0.7174691247538655,
20260715,3,HGB80,22348,0.761183546643927,0.8508113845245893,0.61285960319859,0.5484288181817626,0.18604368535296856,0.01002881875119805,-0.0031719509776694742,1.0129526674032514,0.7166636835510735,
20260715,3,No_calibration,22348,0.7656750358547957,0.8539303633234179,0.6145341924000713,0.5449516746612129,0.18459232745722207,0.010614239429925558,-0.007463920513538852,1.0356322426867792,0.7209593699659645,
20260715,3,Question_only,22348,0.7657873889595677,0.8540082706285368,0.6145238979493225,0.5451748061081327,0.1846661903549144,0.011949799557279898,0.05577415662101857,1.0200727530215281,0.7198407016287534,
20260715,3,RecentQuestionRateControl,22348,0.7653198501465083,0.8534956166388655,0.6145173716636254,0.5458432379205961,0.18485583768692235,0.012760707749684548,0.0577160472829093,1.0274120919149243,0.7197959548952649,
20260715,4,Ablation_no_question,31522,0.7620716823192477,0.8619146007842333,0.5983014723571819,0.5356436344519482,0.18065844321673863,0.00960734088321765,0.043928584184034086,1.0148463565801433,0.7265719180255403,
20260715,4,Ablation_no_subject,31522,0.767767175844594,0.8658282664909006,0.604029129080929,0.5311919993315257,0.1788262910979064,0.008732030153985694,-0.005700344730276058,1.056474861944992,0.7304422308229519,
20260715,4,AdaptiveMath-AI,31522,0.7678498599260497,0.8658749016114693,0.6040707481567339,0.5311310260001667,0.17879888985261483,0.008877971490517134,-0.006491210059750956,1.056656703454073,0.7300615443182885,
20260715,4,Converged_item_intercept,31522,0.7676882953078616,0.8657285034015042,0.6038383472379074,0.5312402280472572,0.1788379952861609,0.009164746394526814,-0.00879925368782598,1.055977513293105,0.7305691263245064,
20260715,4,HGB100,31522,0.7632449988899369,0.8631721840610337,0.5974479118674593,0.5346607249214146,0.18035574884794953,0.009705605298994372,0.039385403814025756,1.0230208155923572,0.72726984328409,
20260715,4,HGB80,31522,0.7632181499394155,0.8631143730352224,0.597437739367289,0.5345584787443673,0.18029024732792598,0.006159487070740991,-0.0034766002438276883,1.0433441591397214,0.7268574329040378,
20260715,4,No_calibration,31522,0.7678498599260497,0.8658749016114693,0.6040707481567339,0.5311310260001667,0.17879888985261483,0.008877971490517134,-0.006491210059750956,1.056656703454073,0.7300615443182885,
20260715,4,Question_only,31522,0.7676902242484,0.8657280087501498,0.6038432362526135,0.5312409906526763,0.17883774306411812,0.009100963712067695,-0.008489073094561126,1.0560992808159935,0.7305691263245064,
20260715,4,RecentQuestionRateControl,31522,0.767096767126862,0.8655899102275884,0.6023872377707573,0.5316133315097118,0.1790305074994626,0.008085485419366902,0.011799501010937827,1.023391435755532,0.7291415519320186,
20260715,5,Ablation_no_question,19475,0.7598275000716551,0.8825730445038332,0.5493892569731427,0.5057341104237245,0.16753470182364238,0.019856555653162532,0.11046670504225618,0.9946264685109983,0.7529139922977969,
20260715,5,Ablation_no_subject,19475,0.7655906488608615,0.8859041911272687,0.5598304516506627,0.5015399963005391,0.1659231956675199,0.01889559092039815,0.09662331273577796,1.018043641607354,0.7558408215660892,
20260715,5,AdaptiveMath-AI,19475,0.7656570702215342,0.8859191477664433,0.5599190749844625,0.5014629519947453,0.16588616676293416,0.01848856888724727,0.09426953458890333,1.0186879294602538,0.7560975609755886,
20260715,5,Converged_item_intercept,19475,0.7656667076267151,0.8858904869255394,0.560014503019673,0.5014369027883184,0.16586877809909453,0.018197118643269963,0.09285261852535306,1.018384117071644,0.7557894736841894,
20260715,5,HGB100,19475,0.7600303798063588,0.8824452346396963,0.5535969943282079,0.5056717314150423,0.1674716423881986,0.019452376879970347,0.11215138982838792,0.9911257389927508,0.7537355584081947,
20260715,5,HGB80,19475,0.7600323046862061,0.8824436721620421,0.5538162314310557,0.505555467869409,0.16745835795054181,0.019270342800018797,0.11114828108454476,0.9948127331097263,0.7530680359434965,
20260715,5,No_calibration,19475,0.7656570702215342,0.8859191477664433,0.5599190749844625,0.5014629519947453,0.16588616676293416,0.01848856888724727,0.09426953458890333,1.0186879294602538,0.7560975609755886,
20260715,5,Question_only,19475,0.7656591121548855,0.8858865076122897,0.5599734569327057,0.5014478657619746,0.1658728855553444,0.018248315535722235,0.09309887821564512,1.0184757659516357,0.7557894736841894,
20260715,5,RecentQuestionRateControl,19475,0.7654560568399256,0.8859305438044774,0.5585074184456638,0.5016851323237692,0.16603341004378316,0.01877812464862077,0.11655729006986454,0.986609694483852,0.7540949935814938,
20260716,0,Ablation_no_question,27181,0.7571610012795956,0.8476687474705157,0.6055208990835468,0.553380494306934,0.18818753165001226,0.017091255960953247,-0.08515245287954706,0.9994623334599457,0.7109377874250126,
20260716,0,Ablation_no_subject,27181,0.7608748608526885,0.8504458413272744,0.6084426717208893,0.5503842041555629,0.18698433009039395,0.01761187671226738,-0.08412987783621152,1.0120819816763338,0.7117471763363844,
20260716,0,AdaptiveMath-AI,27181,0.7607764771145812,0.8502912571691122,0.608414644222212,0.5504039906120629,0.1869736399957303,0.016174765967274834,-0.07778212260262068,1.0135327076674194,0.7115632243110726,
20260716,0,Converged_item_intercept,27181,0.7608793339108941,0.8504460840122059,0.6081780856847201,0.5501840692629667,0.18688871923327985,0.013801989436045457,-0.06662479613832202,1.017835593270625,0.7115632243110726,
20260716,0,HGB100,27181,0.7581622482740539,0.8486755906678214,0.606806902214478,0.552142428059098,0.18776345135813147,0.016467293727297688,-0.0665295138437501,0.9972625258542828,0.7114528530958855,
20260716,0,HGB80,27181,0.7581676777427306,0.8486494896854351,0.6067407938266791,0.5521651824834268,0.18776588597416638,0.015092128609270164,-0.07040209250552176,1.0038888108451647,0.7116735955262596,
20260716,0,No_calibration,27181,0.7607764771145812,0.8502912571691122,0.608414644222212,0.5504039906120629,0.1869736399957303,0.016174765967274834,-0.07778212260262068,1.0135327076674194,0.7115632243110726,
20260716,0,Question_only,27181,0.7608836068586009,0.8504475543671655,0.6081808399346473,0.550178970516222,0.1868861137730346,0.01378176767718269,-0.06647859762274297,1.0179017639668226,0.7114896435009479,
20260716,0,RecentQuestionRateControl,27181,0.7599726008706358,0.8497656484364464,0.6081437587073963,0.5509142844481143,0.18718015787999037,0.01303352979107397,-0.049717547898406,0.9924596752136653,0.7109009970199502,
20260716,1,Ablation_no_question,15987,0.7477105967600371,0.8196450641086936,0.6244020300895609,0.5769385869198573,0.19794329660631085,0.021821125174107274,-0.09391653771293847,0.9710509358692645,0.6949396384562678,
20260716,1,Ablation_no_subject,15987,0.7511963445637317,0.8220546134618434,0.6285932315748594,0.574086541542477,0.1966927226117134,0.019841456437111264,-0.08609192406418732,0.9816967616111762,0.6959404516169609,
20260716,1,AdaptiveMath-AI,15987,0.7510843713066684,0.8219880709226478,0.6284395611058853,0.5741367901506337,0.19671704241448468,0.019077979059915203,-0.08306800869277155,0.9828106089412886,0.6956276975042444,
20260716,1,Converged_item_intercept,15987,0.7509727080214683,0.8218803354510498,0.6284638102985425,0.5742018514528431,0.1967427536880997,0.01898074989022957,-0.08147029795766927,0.9834186576273058,0.6948770876337245,
20260716,1,HGB100,15987,0.7469550974431661,0.818783409816617,0.6261515317561999,0.5770832005763706,0.1980712228181736,0.022755649107197486,-0.07567584596400007,0.9559955543571926,0.6943766810533779,
20260716,1,HGB80,15987,0.7478658355635026,0.8198067609221047,0.6254495046211388,0.5762045416077073,0.19773243045796207,0.020112076805377188,-0.07958809933510386,0.9695724961439178,0.6956902483267877,
20260716,1,No_calibration,15987,0.7510843713066684,0.8219880709226478,0.6284395611058853,0.5741367901506337,0.19671704241448468,0.019077979059915203,-0.08306800869277155,0.9828106089412886,0.6956276975042444,
20260716,1,Question_only,15987,0.7509820887489123,0.8218883675097062,0.6284951853397645,0.5741852411016538,0.1967360859475224,0.018934115210561726,-0.08124061310561774,0.983568637811128,0.6948770876337245,
20260716,1,RecentQuestionRateControl,15987,0.7499829597045908,0.8210980401709342,0.6264685650594465,0.575235588151338,0.19712154466946516,0.02075484721308017,-0.06543157656716757,0.9561031609772479,0.6935009695377714,
20260716,2,Ablation_no_question,27052,0.7516129229025257,0.8279180993161432,0.6225793006341238,0.5693984943326784,0.19473753014803033,0.011450368858486713,-0.06272940640356103,1.0236472547478306,0.6992458967913768,
20260716,2,Ablation_no_subject,27052,0.7561001378571816,0.830743258515146,0.6313621633691422,0.565849809000692,0.1931861585687483,0.010662982028223023,-0.0628080558673322,1.041508389512855,0.703386071270159,
20260716,2,AdaptiveMath-AI,27052,0.7559943936464772,0.8306349077738101,0.6313250487457212,0.5659250508315208,0.19321242922804938,0.010608301974603128,-0.0626088485581516,1.0399422847979232,0.7035709004879618,
20260716,2,Converged_item_intercept,27052,0.7560836656759049,0.8307923894929516,0.6314239747373128,0.5658300794513083,0.1931847458198004,0.01068053307760085,-0.061014650602920426,1.043102364304728,0.7032751737394773,
20260716,2,HGB100,27052,0.7505827195972541,0.8274673668561539,0.6200732185359926,0.5700586343584344,0.19510734881445913,0.012483708335512414,-0.06224039021031387,1.0180275190887886,0.6989132041993318,
20260716,2,HGB80,27052,0.7504218619136489,0.8272509076357125,0.6206331597532803,0.5701744664781205,0.19514668106814226,0.011905310966775991,-0.062306356828677446,1.0218544566706438,0.6984326482330446,
20260716,2,No_calibration,27052,0.7559943936464772,0.8306349077738101,0.6313250487457212,0.5659250508315208,0.19321242922804938,0.010608301974603128,-0.0626088485581516,1.0399422847979232,0.7035709004879618,
20260716,2,Question_only,27052,0.7560858236035831,0.8307939536940133,0.6314233139079239,0.5658249494046663,0.19318240850760274,0.010593313449749075,-0.06071464760650055,1.0432468137193986,0.7032382078959167,
20260716,2,RecentQuestionRateControl,27052,0.7554921834537908,0.8302117358333261,0.6300363635610742,0.5663753917588512,0.19336836901902776,0.010702717926585724,-0.041650803601984296,1.0090599842170755,0.7032751737394773,
20260716,3,Ablation_no_question,22348,0.7612706056855838,0.850807899303854,0.6131577786304983,0.5487474336157425,0.18615581335846332,0.012816813359088748,0.05573333922464295,1.0283899447807217,0.7172901378199117,
20260716,3,Ablation_no_subject,22348,0.765718382148537,0.8539325080567457,0.6145508438259271,0.5452485059904157,0.1846927696359842,0.012006751702359545,0.05676908762677331,1.019741644891261,0.7197512081617765,
20260716,3,AdaptiveMath-AI,22348,0.7656750358547957,0.8539303633234179,0.6145341924000713,0.545266822061173,0.18470732339785276,0.012487658220849598,0.056778844594349606,1.019356007050754,0.720198675496661,
20260716,3,Converged_item_intercept,22348,0.765791437405682,0.854012319941124,0.6145344285251584,0.5451724666333496,0.18466550215521493,0.0118512289964898,0.055787338247029666,1.0201399344325497,0.7198407016287534,
20260716,3,HGB100,22348,0.7611868665442426,0.850853588982751,0.611702661728641,0.5484205549997796,0.186050827277266,0.008463893718216719,-0.0005544228239842968,1.0095060522315187,0.7174691247538655,
20260716,3,HGB80,22348,0.761183546643927,0.8508113845245893,0.61285960319859,0.5484288181817626,0.18604368535296856,0.01002881875119805,-0.0031719509776694742,1.0129526674032514,0.7166636835510735,
20260716,3,No_calibration,22348,0.7656750358547957,0.8539303633234179,0.6145341924000713,0.5449516746612129,0.18459232745722207,0.010614239429925558,-0.007463920513538852,1.0356322426867792,0.7209593699659645,
20260716,3,Question_only,22348,0.7657873889595677,0.8540082706285368,0.6145238979493225,0.5451748061081327,0.1846661903549144,0.011949799557279898,0.05577415662101857,1.0200727530215281,0.7198407016287534,
20260716,3,RecentQuestionRateControl,22348,0.7653198501465083,0.8534956166388655,0.6145173716636254,0.5458432379205961,0.18485583768692235,0.012760707749684548,0.0577160472829093,1.0274120919149243,0.7197959548952649,
20260716,4,Ablation_no_question,31522,0.7620716823192477,0.8619146007842333,0.5983014723571819,0.5356436344519482,0.18065844321673863,0.00960734088321765,0.043928584184034086,1.0148463565801433,0.7265719180255403,
20260716,4,Ablation_no_subject,31522,0.767767175844594,0.8658282664909006,0.604029129080929,0.5311919993315257,0.1788262910979064,0.008732030153985694,-0.005700344730276058,1.056474861944992,0.7304422308229519,
20260716,4,AdaptiveMath-AI,31522,0.7678498599260497,0.8658749016114693,0.6040707481567339,0.5311310260001667,0.17879888985261483,0.008877971490517134,-0.006491210059750956,1.056656703454073,0.7300615443182885,
20260716,4,Converged_item_intercept,31522,0.7676882953078616,0.8657285034015042,0.6038383472379074,0.5312402280472572,0.1788379952861609,0.009164746394526814,-0.00879925368782598,1.055977513293105,0.7305691263245064,
20260716,4,HGB100,31522,0.7635012310194744,0.8633504381989943,0.5975349082503977,0.534461247429192,0.18027363675254626,0.008927820005669494,0.03772822090647713,1.0229787775709758,0.72726984328409,
20260716,4,HGB80,31522,0.7634154769340633,0.8633211493226303,0.5981109509218343,0.5344106784563185,0.18024104769490756,0.006930146363564678,-0.001094653572265591,1.0410168740644516,0.727428462661033,
20260716,4,No_calibration,31522,0.7678498599260497,0.8658749016114693,0.6040707481567339,0.5311310260001667,0.17879888985261483,0.008877971490517134,-0.006491210059750956,1.056656703454073,0.7300615443182885,
20260716,4,Question_only,31522,0.7676902242484,0.8657280087501498,0.6038432362526135,0.5312409906526763,0.17883774306411812,0.009100963712067695,-0.008489073094561126,1.0560992808159935,0.7305691263245064,
20260716,4,RecentQuestionRateControl,31522,0.767096767126862,0.8655899102275884,0.6023872377707573,0.5316133315097118,0.1790305074994626,0.008085485419366902,0.011799501010937827,1.023391435755532,0.7291415519320186,
20260716,5,Ablation_no_question,19475,0.7598275000716551,0.8825730445038332,0.5493892569731427,0.5057341104237245,0.16753470182364238,0.019856555653162532,0.11046670504225618,0.9946264685109983,0.7529139922977969,
20260716,5,Ablation_no_subject,19475,0.7655906488608615,0.8859041911272687,0.5598304516506627,0.5015399963005391,0.1659231956675199,0.01889559092039815,0.09662331273577796,1.018043641607354,0.7558408215660892,
20260716,5,AdaptiveMath-AI,19475,0.7656570702215342,0.8859191477664433,0.5599190749844625,0.5014629519947453,0.16588616676293416,0.01848856888724727,0.09426953458890333,1.0186879294602538,0.7560975609755886,
20260716,5,Converged_item_intercept,19475,0.7656667076267151,0.8858904869255394,0.560014503019673,0.5014369027883184,0.16586877809909453,0.018197118643269963,0.09285261852535306,1.018384117071644,0.7557894736841894,
20260716,5,HGB100,19475,0.7604113694536787,0.8826235648544312,0.5554111734556567,0.5053485773687066,0.1673431595383505,0.019879070569602128,0.1109990779318431,0.9925970652797256,0.7536842105262949,
20260716,5,HGB80,19475,0.7604341753780843,0.8825225166483882,0.5555148741102351,0.5053073140672321,0.16733003775105243,0.01989153122235563,0.10877829674053052,0.9978803345803763,0.7545571245185926,
20260716,5,No_calibration,19475,0.7656570702215342,0.8859191477664433,0.5599190749844625,0.5014629519947453,0.16588616676293416,0.01848856888724727,0.09426953458890333,1.0186879294602538,0.7560975609755886,
20260716,5,Question_only,19475,0.7656591121548855,0.8858865076122897,0.5599734569327057,0.5014478657619746,0.1658728855553444,0.018248315535722235,0.09309887821564512,1.0184757659516357,0.7557894736841894,
20260716,5,RecentQuestionRateControl,19475,0.7654560568399256,0.8859305438044774,0.5585074184456638,0.5016851323237692,0.16603341004378316,0.01877812464862077,0.11655729006986454,0.986609694483852,0.7540949935814938,
20260717,0,Ablation_no_question,27181,0.7571610012795956,0.8476687474705157,0.6055208990835468,0.553380494306934,0.18818753165001226,0.017091255960953247,-0.08515245287954706,0.9994623334599457,0.7109377874250126,
20260717,0,Ablation_no_subject,27181,0.7608748608526885,0.8504458413272744,0.6084426717208893,0.5503842041555629,0.18698433009039395,0.01761187671226738,-0.08412987783621152,1.0120819816763338,0.7117471763363844,
20260717,0,AdaptiveMath-AI,27181,0.7607764771145812,0.8502912571691122,0.608414644222212,0.5504039906120629,0.1869736399957303,0.016174765967274834,-0.07778212260262068,1.0135327076674194,0.7115632243110726,
20260717,0,Converged_item_intercept,27181,0.7608793339108941,0.8504460840122059,0.6081780856847201,0.5501840692629667,0.18688871923327985,0.013801989436045457,-0.06662479613832202,1.017835593270625,0.7115632243110726,
20260717,0,HGB100,27181,0.7581622482740539,0.8486755906678214,0.606806902214478,0.552142428059098,0.18776345135813147,0.016467293727297688,-0.0665295138437501,0.9972625258542828,0.7114528530958855,
20260717,0,HGB80,27181,0.7581676777427306,0.8486494896854351,0.6067407938266791,0.5521651824834268,0.18776588597416638,0.015092128609270164,-0.07040209250552176,1.0038888108451647,0.7116735955262596,
20260717,0,No_calibration,27181,0.7607764771145812,0.8502912571691122,0.608414644222212,0.5504039906120629,0.1869736399957303,0.016174765967274834,-0.07778212260262068,1.0135327076674194,0.7115632243110726,
20260717,0,Question_only,27181,0.7608836068586009,0.8504475543671655,0.6081808399346473,0.550178970516222,0.1868861137730346,0.01378176767718269,-0.06647859762274297,1.0179017639668226,0.7114896435009479,
20260717,0,RecentQuestionRateControl,27181,0.7599726008706358,0.8497656484364464,0.6081437587073963,0.5509142844481143,0.18718015787999037,0.01303352979107397,-0.049717547898406,0.9924596752136653,0.7109009970199502,
20260717,1,Ablation_no_question,15987,0.7477105967600371,0.8196450641086936,0.6244020300895609,0.5769385869198573,0.19794329660631085,0.021821125174107274,-0.09391653771293847,0.9710509358692645,0.6949396384562678,
20260717,1,Ablation_no_subject,15987,0.7511963445637317,0.8220546134618434,0.6285932315748594,0.574086541542477,0.1966927226117134,0.019841456437111264,-0.08609192406418732,0.9816967616111762,0.6959404516169609,
20260717,1,AdaptiveMath-AI,15987,0.7510843713066684,0.8219880709226478,0.6284395611058853,0.5741367901506337,0.19671704241448468,0.019077979059915203,-0.08306800869277155,0.9828106089412886,0.6956276975042444,
20260717,1,Converged_item_intercept,15987,0.7509727080214683,0.8218803354510498,0.6284638102985425,0.5742018514528431,0.1967427536880997,0.01898074989022957,-0.08147029795766927,0.9834186576273058,0.6948770876337245,
20260717,1,HGB100,15987,0.7469550974431661,0.818783409816617,0.6261515317561999,0.5770832005763706,0.1980712228181736,0.022755649107197486,-0.07567584596400007,0.9559955543571926,0.6943766810533779,
20260717,1,HGB80,15987,0.7478658355635026,0.8198067609221047,0.6254495046211388,0.5762045416077073,0.19773243045796207,0.020112076805377188,-0.07958809933510386,0.9695724961439178,0.6956902483267877,
20260717,1,No_calibration,15987,0.7510843713066684,0.8219880709226478,0.6284395611058853,0.5741367901506337,0.19671704241448468,0.019077979059915203,-0.08306800869277155,0.9828106089412886,0.6956276975042444,
20260717,1,Question_only,15987,0.7509820887489123,0.8218883675097062,0.6284951853397645,0.5741852411016538,0.1967360859475224,0.018934115210561726,-0.08124061310561774,0.983568637811128,0.6948770876337245,
20260717,1,RecentQuestionRateControl,15987,0.7499829597045908,0.8210980401709342,0.6264685650594465,0.575235588151338,0.19712154466946516,0.02075484721308017,-0.06543157656716757,0.9561031609772479,0.6935009695377714,
20260717,2,Ablation_no_question,27052,0.7516129229025257,0.8279180993161432,0.6225793006341238,0.5693984943326784,0.19473753014803033,0.011450368858486713,-0.06272940640356103,1.0236472547478306,0.6992458967913768,
20260717,2,Ablation_no_subject,27052,0.7561001378571816,0.830743258515146,0.6313621633691422,0.565849809000692,0.1931861585687483,0.010662982028223023,-0.0628080558673322,1.041508389512855,0.703386071270159,
20260717,2,AdaptiveMath-AI,27052,0.7559943936464772,0.8306349077738101,0.6313250487457212,0.5659250508315208,0.19321242922804938,0.010608301974603128,-0.0626088485581516,1.0399422847979232,0.7035709004879618,
20260717,2,Converged_item_intercept,27052,0.7560836656759049,0.8307923894929516,0.6314239747373128,0.5658300794513083,0.1931847458198004,0.01068053307760085,-0.061014650602920426,1.043102364304728,0.7032751737394773,
20260717,2,HGB100,27052,0.7505827195972541,0.8274673668561539,0.6200732185359926,0.5700586343584344,0.19510734881445913,0.012483708335512414,-0.06224039021031387,1.0180275190887886,0.6989132041993318,
20260717,2,HGB80,27052,0.7504218619136489,0.8272509076357125,0.6206331597532803,0.5701744664781205,0.19514668106814226,0.011905310966775991,-0.062306356828677446,1.0218544566706438,0.6984326482330446,
20260717,2,No_calibration,27052,0.7559943936464772,0.8306349077738101,0.6313250487457212,0.5659250508315208,0.19321242922804938,0.010608301974603128,-0.0626088485581516,1.0399422847979232,0.7035709004879618,
20260717,2,Question_only,27052,0.7560858236035831,0.8307939536940133,0.6314233139079239,0.5658249494046663,0.19318240850760274,0.010593313449749075,-0.06071464760650055,1.0432468137193986,0.7032382078959167,
20260717,2,RecentQuestionRateControl,27052,0.7554921834537908,0.8302117358333261,0.6300363635610742,0.5663753917588512,0.19336836901902776,0.010702717926585724,-0.041650803601984296,1.0090599842170755,0.7032751737394773,
20260717,3,Ablation_no_question,22348,0.7612706056855838,0.850807899303854,0.6131577786304983,0.5487474336157425,0.18615581335846332,0.012816813359088748,0.05573333922464295,1.0283899447807217,0.7172901378199117,
20260717,3,Ablation_no_subject,22348,0.765718382148537,0.8539325080567457,0.6145508438259271,0.5452485059904157,0.1846927696359842,0.012006751702359545,0.05676908762677331,1.019741644891261,0.7197512081617765,
20260717,3,AdaptiveMath-AI,22348,0.7656750358547957,0.8539303633234179,0.6145341924000713,0.545266822061173,0.18470732339785276,0.012487658220849598,0.056778844594349606,1.019356007050754,0.720198675496661,
20260717,3,Converged_item_intercept,22348,0.765791437405682,0.854012319941124,0.6145344285251584,0.5451724666333496,0.18466550215521493,0.0118512289964898,0.055787338247029666,1.0201399344325497,0.7198407016287534,
20260717,3,HGB100,22348,0.7611868665442426,0.850853588982751,0.611702661728641,0.5484205549997796,0.186050827277266,0.008463893718216719,-0.0005544228239842968,1.0095060522315187,0.7174691247538655,
20260717,3,HGB80,22348,0.761183546643927,0.8508113845245893,0.61285960319859,0.5484288181817626,0.18604368535296856,0.01002881875119805,-0.0031719509776694742,1.0129526674032514,0.7166636835510735,
20260717,3,No_calibration,22348,0.7656750358547957,0.8539303633234179,0.6145341924000713,0.5449516746612129,0.18459232745722207,0.010614239429925558,-0.007463920513538852,1.0356322426867792,0.7209593699659645,
20260717,3,Question_only,22348,0.7657873889595677,0.8540082706285368,0.6145238979493225,0.5451748061081327,0.1846661903549144,0.011949799557279898,0.05577415662101857,1.0200727530215281,0.7198407016287534,
20260717,3,RecentQuestionRateControl,22348,0.7653198501465083,0.8534956166388655,0.6145173716636254,0.5458432379205961,0.18485583768692235,0.012760707749684548,0.0577160472829093,1.0274120919149243,0.7197959548952649,
20260717,4,Ablation_no_question,31522,0.7620716823192477,0.8619146007842333,0.5983014723571819,0.5356436344519482,0.18065844321673863,0.00960734088321765,0.043928584184034086,1.0148463565801433,0.7265719180255403,
20260717,4,Ablation_no_subject,31522,0.767767175844594,0.8658282664909006,0.604029129080929,0.5311919993315257,0.1788262910979064,0.008732030153985694,-0.005700344730276058,1.056474861944992,0.7304422308229519,
20260717,4,AdaptiveMath-AI,31522,0.7678498599260497,0.8658749016114693,0.6040707481567339,0.5311310260001667,0.17879888985261483,0.008877971490517134,-0.006491210059750956,1.056656703454073,0.7300615443182885,
20260717,4,Converged_item_intercept,31522,0.7676882953078616,0.8657285034015042,0.6038383472379074,0.5312402280472572,0.1788379952861609,0.009164746394526814,-0.00879925368782598,1.055977513293105,0.7305691263245064,
20260717,4,HGB100,31522,0.7628274375997417,0.8625197483797414,0.595999873294906,0.5350783104230794,0.18046447623493678,0.01024702060832434,0.04025869939223863,1.021563455639654,0.7277139775395306,
20260717,4,HGB80,31522,0.7626496762202728,0.8625494843745607,0.5958935510614428,0.5350829241048707,0.18047280985516528,0.0071049207519326245,-0.001027318420524117,1.0394228834968902,0.7269526045302037,
20260717,4,No_calibration,31522,0.7678498599260497,0.8658749016114693,0.6040707481567339,0.5311310260001667,0.17879888985261483,0.008877971490517134,-0.006491210059750956,1.056656703454073,0.7300615443182885,
20260717,4,Question_only,31522,0.7676902242484,0.8657280087501498,0.6038432362526135,0.5312409906526763,0.17883774306411812,0.009100963712067695,-0.008489073094561126,1.0560992808159935,0.7305691263245064,
20260717,4,RecentQuestionRateControl,31522,0.767096767126862,0.8655899102275884,0.6023872377707573,0.5316133315097118,0.1790305074994626,0.008085485419366902,0.011799501010937827,1.023391435755532,0.7291415519320186,
20260717,5,Ablation_no_question,19475,0.7598275000716551,0.8825730445038332,0.5493892569731427,0.5057341104237245,0.16753470182364238,0.019856555653162532,0.11046670504225618,0.9946264685109983,0.7529139922977969,
20260717,5,Ablation_no_subject,19475,0.7655906488608615,0.8859041911272687,0.5598304516506627,0.5015399963005391,0.1659231956675199,0.01889559092039815,0.09662331273577796,1.018043641607354,0.7558408215660892,
20260717,5,AdaptiveMath-AI,19475,0.7656570702215342,0.8859191477664433,0.5599190749844625,0.5014629519947453,0.16588616676293416,0.01848856888724727,0.09426953458890333,1.0186879294602538,0.7560975609755886,
20260717,5,Converged_item_intercept,19475,0.7656667076267151,0.8858904869255394,0.560014503019673,0.5014369027883184,0.16586877809909453,0.018197118643269963,0.09285261852535306,1.018384117071644,0.7557894736841894,
20260717,5,HGB100,19475,0.7602601558351434,0.8828386511629034,0.5538144022368385,0.5054631185622146,0.16745408042089788,0.019343091604014654,0.11140404124812574,0.9926825892208714,0.7530166880615966,
20260717,5,HGB80,19475,0.7603900201951035,0.8829757920999302,0.5536205137178318,0.5053304290864238,0.16742669863251924,0.019450060717401366,0.10890796936695282,0.999305756278149,0.7530166880615966,
20260717,5,No_calibration,19475,0.7656570702215342,0.8859191477664433,0.5599190749844625,0.5014629519947453,0.16588616676293416,0.01848856888724727,0.09426953458890333,1.0186879294602538,0.7560975609755886,
20260717,5,Question_only,19475,0.7656591121548855,0.8858865076122897,0.5599734569327057,0.5014478657619746,0.1658728855553444,0.018248315535722235,0.09309887821564512,1.0184757659516357,0.7557894736841894,
20260717,5,RecentQuestionRateControl,19475,0.7654560568399256,0.8859305438044774,0.5585074184456638,0.5016851323237692,0.16603341004378316,0.01877812464862077,0.11655729006986454,0.986609694483852,0.7540949935814938,
20260718,0,Ablation_no_question,27181,0.7571610012795956,0.8476687474705157,0.6055208990835468,0.553380494306934,0.18818753165001226,0.017091255960953247,-0.08515245287954706,0.9994623334599457,0.7109377874250126,
20260718,0,Ablation_no_subject,27181,0.7608748608526885,0.8504458413272744,0.6084426717208893,0.5503842041555629,0.18698433009039395,0.01761187671226738,-0.08412987783621152,1.0120819816763338,0.7117471763363844,
20260718,0,AdaptiveMath-AI,27181,0.7607764771145812,0.8502912571691122,0.608414644222212,0.5504039906120629,0.1869736399957303,0.016174765967274834,-0.07778212260262068,1.0135327076674194,0.7115632243110726,
20260718,0,Converged_item_intercept,27181,0.7608793339108941,0.8504460840122059,0.6081780856847201,0.5501840692629667,0.18688871923327985,0.013801989436045457,-0.06662479613832202,1.017835593270625,0.7115632243110726,
20260718,0,HGB100,27181,0.7581622482740539,0.8486755906678214,0.606806902214478,0.552142428059098,0.18776345135813147,0.016467293727297688,-0.0665295138437501,0.9972625258542828,0.7114528530958855,
20260718,0,HGB80,27181,0.7581676777427306,0.8486494896854351,0.6067407938266791,0.5521651824834268,0.18776588597416638,0.015092128609270164,-0.07040209250552176,1.0038888108451647,0.7116735955262596,
20260718,0,No_calibration,27181,0.7607764771145812,0.8502912571691122,0.608414644222212,0.5504039906120629,0.1869736399957303,0.016174765967274834,-0.07778212260262068,1.0135327076674194,0.7115632243110726,
20260718,0,Question_only,27181,0.7608836068586009,0.8504475543671655,0.6081808399346473,0.550178970516222,0.1868861137730346,0.01378176767718269,-0.06647859762274297,1.0179017639668226,0.7114896435009479,
20260718,0,RecentQuestionRateControl,27181,0.7599726008706358,0.8497656484364464,0.6081437587073963,0.5509142844481143,0.18718015787999037,0.01303352979107397,-0.049717547898406,0.9924596752136653,0.7109009970199502,
20260718,1,Ablation_no_question,15987,0.7477105967600371,0.8196450641086936,0.6244020300895609,0.5769385869198573,0.19794329660631085,0.021821125174107274,-0.09391653771293847,0.9710509358692645,0.6949396384562678,
20260718,1,Ablation_no_subject,15987,0.7511963445637317,0.8220546134618434,0.6285932315748594,0.574086541542477,0.1966927226117134,0.019841456437111264,-0.08609192406418732,0.9816967616111762,0.6959404516169609,
20260718,1,AdaptiveMath-AI,15987,0.7510843713066684,0.8219880709226478,0.6284395611058853,0.5741367901506337,0.19671704241448468,0.019077979059915203,-0.08306800869277155,0.9828106089412886,0.6956276975042444,
20260718,1,Converged_item_intercept,15987,0.7509727080214683,0.8218803354510498,0.6284638102985425,0.5742018514528431,0.1967427536880997,0.01898074989022957,-0.08147029795766927,0.9834186576273058,0.6948770876337245,
20260718,1,HGB100,15987,0.7469550974431661,0.818783409816617,0.6261515317561999,0.5770832005763706,0.1980712228181736,0.022755649107197486,-0.07567584596400007,0.9559955543571926,0.6943766810533779,
20260718,1,HGB80,15987,0.7478658355635026,0.8198067609221047,0.6254495046211388,0.5762045416077073,0.19773243045796207,0.020112076805377188,-0.07958809933510386,0.9695724961439178,0.6956902483267877,
20260718,1,No_calibration,15987,0.7510843713066684,0.8219880709226478,0.6284395611058853,0.5741367901506337,0.19671704241448468,0.019077979059915203,-0.08306800869277155,0.9828106089412886,0.6956276975042444,
20260718,1,Question_only,15987,0.7509820887489123,0.8218883675097062,0.6284951853397645,0.5741852411016538,0.1967360859475224,0.018934115210561726,-0.08124061310561774,0.983568637811128,0.6948770876337245,
20260718,1,RecentQuestionRateControl,15987,0.7499829597045908,0.8210980401709342,0.6264685650594465,0.575235588151338,0.19712154466946516,0.02075484721308017,-0.06543157656716757,0.9561031609772479,0.6935009695377714,
20260718,2,Ablation_no_question,27052,0.7516129229025257,0.8279180993161432,0.6225793006341238,0.5693984943326784,0.19473753014803033,0.011450368858486713,-0.06272940640356103,1.0236472547478306,0.6992458967913768,
20260718,2,Ablation_no_subject,27052,0.7561001378571816,0.830743258515146,0.6313621633691422,0.565849809000692,0.1931861585687483,0.010662982028223023,-0.0628080558673322,1.041508389512855,0.703386071270159,
20260718,2,AdaptiveMath-AI,27052,0.7559943936464772,0.8306349077738101,0.6313250487457212,0.5659250508315208,0.19321242922804938,0.010608301974603128,-0.0626088485581516,1.0399422847979232,0.7035709004879618,
20260718,2,Converged_item_intercept,27052,0.7560836656759049,0.8307923894929516,0.6314239747373128,0.5658300794513083,0.1931847458198004,0.01068053307760085,-0.061014650602920426,1.043102364304728,0.7032751737394773,
20260718,2,HGB100,27052,0.7505827195972541,0.8274673668561539,0.6200732185359926,0.5700586343584344,0.19510734881445913,0.012483708335512414,-0.06224039021031387,1.0180275190887886,0.6989132041993318,
20260718,2,HGB80,27052,0.7504218619136489,0.8272509076357125,0.6206331597532803,0.5701744664781205,0.19514668106814226,0.011905310966775991,-0.062306356828677446,1.0218544566706438,0.6984326482330446,
20260718,2,No_calibration,27052,0.7559943936464772,0.8306349077738101,0.6313250487457212,0.5659250508315208,0.19321242922804938,0.010608301974603128,-0.0626088485581516,1.0399422847979232,0.7035709004879618,
20260718,2,Question_only,27052,0.7560858236035831,0.8307939536940133,0.6314233139079239,0.5658249494046663,0.19318240850760274,0.010593313449749075,-0.06071464760650055,1.0432468137193986,0.7032382078959167,
20260718,2,RecentQuestionRateControl,27052,0.7554921834537908,0.8302117358333261,0.6300363635610742,0.5663753917588512,0.19336836901902776,0.010702717926585724,-0.041650803601984296,1.0090599842170755,0.7032751737394773,
20260718,3,Ablation_no_question,22348,0.7612706056855838,0.850807899303854,0.6131577786304983,0.5487474336157425,0.18615581335846332,0.012816813359088748,0.05573333922464295,1.0283899447807217,0.7172901378199117,
20260718,3,Ablation_no_subject,22348,0.765718382148537,0.8539325080567457,0.6145508438259271,0.5452485059904157,0.1846927696359842,0.012006751702359545,0.05676908762677331,1.019741644891261,0.7197512081617765,
20260718,3,AdaptiveMath-AI,22348,0.7656750358547957,0.8539303633234179,0.6145341924000713,0.545266822061173,0.18470732339785276,0.012487658220849598,0.056778844594349606,1.019356007050754,0.720198675496661,
20260718,3,Converged_item_intercept,22348,0.765791437405682,0.854012319941124,0.6145344285251584,0.5451724666333496,0.18466550215521493,0.0118512289964898,0.055787338247029666,1.0201399344325497,0.7198407016287534,
20260718,3,HGB100,22348,0.7611868665442426,0.850853588982751,0.611702661728641,0.5484205549997796,0.186050827277266,0.008463893718216719,-0.0005544228239842968,1.0095060522315187,0.7174691247538655,
20260718,3,HGB80,22348,0.761183546643927,0.8508113845245893,0.61285960319859,0.5484288181817626,0.18604368535296856,0.01002881875119805,-0.0031719509776694742,1.0129526674032514,0.7166636835510735,
20260718,3,No_calibration,22348,0.7656750358547957,0.8539303633234179,0.6145341924000713,0.5449516746612129,0.18459232745722207,0.010614239429925558,-0.007463920513538852,1.0356322426867792,0.7209593699659645,
20260718,3,Question_only,22348,0.7657873889595677,0.8540082706285368,0.6145238979493225,0.5451748061081327,0.1846661903549144,0.011949799557279898,0.05577415662101857,1.0200727530215281,0.7198407016287534,
20260718,3,RecentQuestionRateControl,22348,0.7653198501465083,0.8534956166388655,0.6145173716636254,0.5458432379205961,0.18485583768692235,0.012760707749684548,0.0577160472829093,1.0274120919149243,0.7197959548952649,
20260718,4,Ablation_no_question,31522,0.7620716823192477,0.8619146007842333,0.5983014723571819,0.5356436344519482,0.18065844321673863,0.00960734088321765,0.043928584184034086,1.0148463565801433,0.7265719180255403,
20260718,4,Ablation_no_subject,31522,0.767767175844594,0.8658282664909006,0.604029129080929,0.5311919993315257,0.1788262910979064,0.008732030153985694,-0.005700344730276058,1.056474861944992,0.7304422308229519,
20260718,4,AdaptiveMath-AI,31522,0.7678498599260497,0.8658749016114693,0.6040707481567339,0.5311310260001667,0.17879888985261483,0.008877971490517134,-0.006491210059750956,1.056656703454073,0.7300615443182885,
20260718,4,Converged_item_intercept,31522,0.7676882953078616,0.8657285034015042,0.6038383472379074,0.5312402280472572,0.1788379952861609,0.009164746394526814,-0.00879925368782598,1.055977513293105,0.7305691263245064,
20260718,4,HGB100,31522,0.7634810065760133,0.8632791273122873,0.5973562651645773,0.534468207618032,0.18025119261563677,0.009397672153692247,0.03680214557783822,1.0259792692313934,0.7284753505488575,
20260718,4,HGB80,31522,0.7631512958488567,0.8629660844740924,0.5970521242862106,0.5346429054242192,0.18029324494718113,0.007018391658601545,-0.0019357125785145974,1.0414899604436625,0.7280946640441941,
20260718,4,No_calibration,31522,0.7678498599260497,0.8658749016114693,0.6040707481567339,0.5311310260001667,0.17879888985261483,0.008877971490517134,-0.006491210059750956,1.056656703454073,0.7300615443182885,
20260718,4,Question_only,31522,0.7676902242484,0.8657280087501498,0.6038432362526135,0.5312409906526763,0.17883774306411812,0.009100963712067695,-0.008489073094561126,1.0560992808159935,0.7305691263245064,
20260718,4,RecentQuestionRateControl,31522,0.767096767126862,0.8655899102275884,0.6023872377707573,0.5316133315097118,0.1790305074994626,0.008085485419366902,0.011799501010937827,1.023391435755532,0.7291415519320186,
20260718,5,Ablation_no_question,19475,0.7598275000716551,0.8825730445038332,0.5493892569731427,0.5057341104237245,0.16753470182364238,0.019856555653162532,0.11046670504225618,0.9946264685109983,0.7529139922977969,
20260718,5,Ablation_no_subject,19475,0.7655906488608615,0.8859041911272687,0.5598304516506627,0.5015399963005391,0.1659231956675199,0.01889559092039815,0.09662331273577796,1.018043641607354,0.7558408215660892,
20260718,5,AdaptiveMath-AI,19475,0.7656570702215342,0.8859191477664433,0.5599190749844625,0.5014629519947453,0.16588616676293416,0.01848856888724727,0.09426953458890333,1.0186879294602538,0.7560975609755886,
20260718,5,Converged_item_intercept,19475,0.7656667076267151,0.8858904869255394,0.560014503019673,0.5014369027883184,0.16586877809909453,0.018197118643269963,0.09285261852535306,1.018384117071644,0.7557894736841894,
20260718,5,HGB100,19475,0.759685045957019,0.8821102104142918,0.55429081168172,0.5058713369173993,0.1675428056305337,0.01974827992367913,0.11469724131128892,0.9891468698104147,0.7543517329909931,
20260718,5,HGB80,19475,0.7600302302379924,0.882484522779226,0.5536615764125267,0.5055719848635585,0.16747156306152142,0.01927785528174037,0.11010314950615957,0.9962665386165074,0.7540436456995939,
20260718,5,No_calibration,19475,0.7656570702215342,0.8859191477664433,0.5599190749844625,0.5014629519947453,0.16588616676293416,0.01848856888724727,0.09426953458890333,1.0186879294602538,0.7560975609755886,
20260718,5,Question_only,19475,0.7656591121548855,0.8858865076122897,0.5599734569327057,0.5014478657619746,0.1658728855553444,0.018248315535722235,0.09309887821564512,1.0184757659516357,0.7557894736841894,
20260718,5,RecentQuestionRateControl,19475,0.7654560568399256,0.8859305438044774,0.5585074184456638,0.5016851323237692,0.16603341004378316,0.01877812464862077,0.11655729006986454,0.986609694483852,0.7540949935814938,
20260719,0,Ablation_no_question,27181,0.7571610012795956,0.8476687474705157,0.6055208990835468,0.553380494306934,0.18818753165001226,0.017091255960953247,-0.08515245287954706,0.9994623334599457,0.7109377874250126,
20260719,0,Ablation_no_subject,27181,0.7608748608526885,0.8504458413272744,0.6084426717208893,0.5503842041555629,0.18698433009039395,0.01761187671226738,-0.08412987783621152,1.0120819816763338,0.7117471763363844,
20260719,0,AdaptiveMath-AI,27181,0.7607764771145812,0.8502912571691122,0.608414644222212,0.5504039906120629,0.1869736399957303,0.016174765967274834,-0.07778212260262068,1.0135327076674194,0.7115632243110726,
20260719,0,Converged_item_intercept,27181,0.7608793339108941,0.8504460840122059,0.6081780856847201,0.5501840692629667,0.18688871923327985,0.013801989436045457,-0.06662479613832202,1.017835593270625,0.7115632243110726,
20260719,0,HGB100,27181,0.7581622482740539,0.8486755906678214,0.606806902214478,0.552142428059098,0.18776345135813147,0.016467293727297688,-0.0665295138437501,0.9972625258542828,0.7114528530958855,
20260719,0,HGB80,27181,0.7581676777427306,0.8486494896854351,0.6067407938266791,0.5521651824834268,0.18776588597416638,0.015092128609270164,-0.07040209250552176,1.0038888108451647,0.7116735955262596,
20260719,0,No_calibration,27181,0.7607764771145812,0.8502912571691122,0.608414644222212,0.5504039906120629,0.1869736399957303,0.016174765967274834,-0.07778212260262068,1.0135327076674194,0.7115632243110726,
20260719,0,Question_only,27181,0.7608836068586009,0.8504475543671655,0.6081808399346473,0.550178970516222,0.1868861137730346,0.01378176767718269,-0.06647859762274297,1.0179017639668226,0.7114896435009479,
20260719,0,RecentQuestionRateControl,27181,0.7599726008706358,0.8497656484364464,0.6081437587073963,0.5509142844481143,0.18718015787999037,0.01303352979107397,-0.049717547898406,0.9924596752136653,0.7109009970199502,
20260719,1,Ablation_no_question,15987,0.7477105967600371,0.8196450641086936,0.6244020300895609,0.5769385869198573,0.19794329660631085,0.021821125174107274,-0.09391653771293847,0.9710509358692645,0.6949396384562678,
20260719,1,Ablation_no_subject,15987,0.7511963445637317,0.8220546134618434,0.6285932315748594,0.574086541542477,0.1966927226117134,0.019841456437111264,-0.08609192406418732,0.9816967616111762,0.6959404516169609,
20260719,1,AdaptiveMath-AI,15987,0.7510843713066684,0.8219880709226478,0.6284395611058853,0.5741367901506337,0.19671704241448468,0.019077979059915203,-0.08306800869277155,0.9828106089412886,0.6956276975042444,
20260719,1,Converged_item_intercept,15987,0.7509727080214683,0.8218803354510498,0.6284638102985425,0.5742018514528431,0.1967427536880997,0.01898074989022957,-0.08147029795766927,0.9834186576273058,0.6948770876337245,
20260719,1,HGB100,15987,0.7469550974431661,0.818783409816617,0.6261515317561999,0.5770832005763706,0.1980712228181736,0.022755649107197486,-0.07567584596400007,0.9559955543571926,0.6943766810533779,
20260719,1,HGB80,15987,0.7478658355635026,0.8198067609221047,0.6254495046211388,0.5762045416077073,0.19773243045796207,0.020112076805377188,-0.07958809933510386,0.9695724961439178,0.6956902483267877,
20260719,1,No_calibration,15987,0.7510843713066684,0.8219880709226478,0.6284395611058853,0.5741367901506337,0.19671704241448468,0.019077979059915203,-0.08306800869277155,0.9828106089412886,0.6956276975042444,
20260719,1,Question_only,15987,0.7509820887489123,0.8218883675097062,0.6284951853397645,0.5741852411016538,0.1967360859475224,0.018934115210561726,-0.08124061310561774,0.983568637811128,0.6948770876337245,
20260719,1,RecentQuestionRateControl,15987,0.7499829597045908,0.8210980401709342,0.6264685650594465,0.575235588151338,0.19712154466946516,0.02075484721308017,-0.06543157656716757,0.9561031609772479,0.6935009695377714,
20260719,2,Ablation_no_question,27052,0.7516129229025257,0.8279180993161432,0.6225793006341238,0.5693984943326784,0.19473753014803033,0.011450368858486713,-0.06272940640356103,1.0236472547478306,0.6992458967913768,
20260719,2,Ablation_no_subject,27052,0.7561001378571816,0.830743258515146,0.6313621633691422,0.565849809000692,0.1931861585687483,0.010662982028223023,-0.0628080558673322,1.041508389512855,0.703386071270159,
20260719,2,AdaptiveMath-AI,27052,0.7559943936464772,0.8306349077738101,0.6313250487457212,0.5659250508315208,0.19321242922804938,0.010608301974603128,-0.0626088485581516,1.0399422847979232,0.7035709004879618,
20260719,2,Converged_item_intercept,27052,0.7560836656759049,0.8307923894929516,0.6314239747373128,0.5658300794513083,0.1931847458198004,0.01068053307760085,-0.061014650602920426,1.043102364304728,0.7032751737394773,
20260719,2,HGB100,27052,0.7505827195972541,0.8274673668561539,0.6200732185359926,0.5700586343584344,0.19510734881445913,0.012483708335512414,-0.06224039021031387,1.0180275190887886,0.6989132041993318,
20260719,2,HGB80,27052,0.7504218619136489,0.8272509076357125,0.6206331597532803,0.5701744664781205,0.19514668106814226,0.011905310966775991,-0.062306356828677446,1.0218544566706438,0.6984326482330446,
20260719,2,No_calibration,27052,0.7559943936464772,0.8306349077738101,0.6313250487457212,0.5659250508315208,0.19321242922804938,0.010608301974603128,-0.0626088485581516,1.0399422847979232,0.7035709004879618,
20260719,2,Question_only,27052,0.7560858236035831,0.8307939536940133,0.6314233139079239,0.5658249494046663,0.19318240850760274,0.010593313449749075,-0.06071464760650055,1.0432468137193986,0.7032382078959167,
20260719,2,RecentQuestionRateControl,27052,0.7554921834537908,0.8302117358333261,0.6300363635610742,0.5663753917588512,0.19336836901902776,0.010702717926585724,-0.041650803601984296,1.0090599842170755,0.7032751737394773,
20260719,3,Ablation_no_question,22348,0.7612706056855838,0.850807899303854,0.6131577786304983,0.5487474336157425,0.18615581335846332,0.012816813359088748,0.05573333922464295,1.0283899447807217,0.7172901378199117,
20260719,3,Ablation_no_subject,22348,0.765718382148537,0.8539325080567457,0.6145508438259271,0.5452485059904157,0.1846927696359842,0.012006751702359545,0.05676908762677331,1.019741644891261,0.7197512081617765,
20260719,3,AdaptiveMath-AI,22348,0.7656750358547957,0.8539303633234179,0.6145341924000713,0.545266822061173,0.18470732339785276,0.012487658220849598,0.056778844594349606,1.019356007050754,0.720198675496661,
20260719,3,Converged_item_intercept,22348,0.765791437405682,0.854012319941124,0.6145344285251584,0.5451724666333496,0.18466550215521493,0.0118512289964898,0.055787338247029666,1.0201399344325497,0.7198407016287534,
20260719,3,HGB100,22348,0.7611868665442426,0.850853588982751,0.611702661728641,0.5484205549997796,0.186050827277266,0.008463893718216719,-0.0005544228239842968,1.0095060522315187,0.7174691247538655,
20260719,3,HGB80,22348,0.761183546643927,0.8508113845245893,0.61285960319859,0.5484288181817626,0.18604368535296856,0.01002881875119805,-0.0031719509776694742,1.0129526674032514,0.7166636835510735,
20260719,3,No_calibration,22348,0.7656750358547957,0.8539303633234179,0.6145341924000713,0.5449516746612129,0.18459232745722207,0.010614239429925558,-0.007463920513538852,1.0356322426867792,0.7209593699659645,
20260719,3,Question_only,22348,0.7657873889595677,0.8540082706285368,0.6145238979493225,0.5451748061081327,0.1846661903549144,0.011949799557279898,0.05577415662101857,1.0200727530215281,0.7198407016287534,
20260719,3,RecentQuestionRateControl,22348,0.7653198501465083,0.8534956166388655,0.6145173716636254,0.5458432379205961,0.18485583768692235,0.012760707749684548,0.0577160472829093,1.0274120919149243,0.7197959548952649,
20260719,4,Ablation_no_question,31522,0.7620716823192477,0.8619146007842333,0.5983014723571819,0.5356436344519482,0.18065844321673863,0.00960734088321765,0.043928584184034086,1.0148463565801433,0.7265719180255403,
20260719,4,Ablation_no_subject,31522,0.767767175844594,0.8658282664909006,0.604029129080929,0.5311919993315257,0.1788262910979064,0.008732030153985694,-0.005700344730276058,1.056474861944992,0.7304422308229519,
20260719,4,AdaptiveMath-AI,31522,0.7678498599260497,0.8658749016114693,0.6040707481567339,0.5311310260001667,0.17879888985261483,0.008877971490517134,-0.006491210059750956,1.056656703454073,0.7300615443182885,
20260719,4,Converged_item_intercept,31522,0.7676882953078616,0.8657285034015042,0.6038383472379074,0.5312402280472572,0.1788379952861609,0.009164746394526814,-0.00879925368782598,1.055977513293105,0.7305691263245064,
20260719,4,HGB100,31522,0.7629220145505025,0.8629462516724,0.5969746821696965,0.5349302606947788,0.18045276496003143,0.009426113270862792,0.038588585497196785,1.0228808267698009,0.7265719180255403,
20260719,4,HGB80,31522,0.7628786609326991,0.8629087128460149,0.5965974407278262,0.5348581383584647,0.1804116868795697,0.005957273800291051,-0.0029512542411042207,1.03995951135106,0.7267305374024833,
20260719,4,No_calibration,31522,0.7678498599260497,0.8658749016114693,0.6040707481567339,0.5311310260001667,0.17879888985261483,0.008877971490517134,-0.006491210059750956,1.056656703454073,0.7300615443182885,
20260719,4,Question_only,31522,0.7676902242484,0.8657280087501498,0.6038432362526135,0.5312409906526763,0.17883774306411812,0.009100963712067695,-0.008489073094561126,1.0560992808159935,0.7305691263245064,
20260719,4,RecentQuestionRateControl,31522,0.767096767126862,0.8655899102275884,0.6023872377707573,0.5316133315097118,0.1790305074994626,0.008085485419366902,0.011799501010937827,1.023391435755532,0.7291415519320186,
20260719,5,Ablation_no_question,19475,0.7598275000716551,0.8825730445038332,0.5493892569731427,0.5057341104237245,0.16753470182364238,0.019856555653162532,0.11046670504225618,0.9946264685109983,0.7529139922977969,
20260719,5,Ablation_no_subject,19475,0.7655906488608615,0.8859041911272687,0.5598304516506627,0.5015399963005391,0.1659231956675199,0.01889559092039815,0.09662331273577796,1.018043641607354,0.7558408215660892,
20260719,5,AdaptiveMath-AI,19475,0.7656570702215342,0.8859191477664433,0.5599190749844625,0.5014629519947453,0.16588616676293416,0.01848856888724727,0.09426953458890333,1.0186879294602538,0.7560975609755886,
20260719,5,Converged_item_intercept,19475,0.7656667076267151,0.8858904869255394,0.560014503019673,0.5014369027883184,0.16586877809909453,0.018197118643269963,0.09285261852535306,1.018384117071644,0.7557894736841894,
20260719,5,HGB100,19475,0.7599964993198596,0.8826915922322907,0.5508587213287407,0.5056611940457827,0.16750160480670895,0.01894152212609045,0.11351636697619624,0.9909285820789658,0.7530680359434965,
20260719,5,HGB80,19475,0.7600875994610052,0.8826136555866689,0.5512680595719202,0.5055320778819324,0.16746780900101413,0.0191556281928008,0.1096656491070057,0.9966441858691801,0.7531707317072962,
20260719,5,No_calibration,19475,0.7656570702215342,0.8859191477664433,0.5599190749844625,0.5014629519947453,0.16588616676293416,0.01848856888724727,0.09426953458890333,1.0186879294602538,0.7560975609755886,
20260719,5,Question_only,19475,0.7656591121548855,0.8858865076122897,0.5599734569327057,0.5014478657619746,0.1658728855553444,0.018248315535722235,0.09309887821564512,1.0184757659516357,0.7557894736841894,
20260719,5,RecentQuestionRateControl,19475,0.7654560568399256,0.8859305438044774,0.5585074184456638,0.5016851323237692,0.16603341004378316,0.01877812464862077,0.11655729006986454,0.986609694483852,0.7540949935814938,
20260720,0,Ablation_no_question,27181,0.7571610012795956,0.8476687474705157,0.6055208990835468,0.553380494306934,0.18818753165001226,0.017091255960953247,-0.08515245287954706,0.9994623334599457,0.7109377874250126,
20260720,0,Ablation_no_subject,27181,0.7608748608526885,0.8504458413272744,0.6084426717208893,0.5503842041555629,0.18698433009039395,0.01761187671226738,-0.08412987783621152,1.0120819816763338,0.7117471763363844,
20260720,0,AdaptiveMath-AI,27181,0.7607764771145812,0.8502912571691122,0.608414644222212,0.5504039906120629,0.1869736399957303,0.016174765967274834,-0.07778212260262068,1.0135327076674194,0.7115632243110726,
20260720,0,Converged_item_intercept,27181,0.7608793339108941,0.8504460840122059,0.6081780856847201,0.5501840692629667,0.18688871923327985,0.013801989436045457,-0.06662479613832202,1.017835593270625,0.7115632243110726,
20260720,0,HGB100,27181,0.7581622482740539,0.8486755906678214,0.606806902214478,0.552142428059098,0.18776345135813147,0.016467293727297688,-0.0665295138437501,0.9972625258542828,0.7114528530958855,
20260720,0,HGB80,27181,0.7581676777427306,0.8486494896854351,0.6067407938266791,0.5521651824834268,0.18776588597416638,0.015092128609270164,-0.07040209250552176,1.0038888108451647,0.7116735955262596,
20260720,0,No_calibration,27181,0.7607764771145812,0.8502912571691122,0.608414644222212,0.5504039906120629,0.1869736399957303,0.016174765967274834,-0.07778212260262068,1.0135327076674194,0.7115632243110726,
20260720,0,Question_only,27181,0.7608836068586009,0.8504475543671655,0.6081808399346473,0.550178970516222,0.1868861137730346,0.01378176767718269,-0.06647859762274297,1.0179017639668226,0.7114896435009479,
20260720,0,RecentQuestionRateControl,27181,0.7599726008706358,0.8497656484364464,0.6081437587073963,0.5509142844481143,0.18718015787999037,0.01303352979107397,-0.049717547898406,0.9924596752136653,0.7109009970199502,
20260720,1,Ablation_no_question,15987,0.7477105967600371,0.8196450641086936,0.6244020300895609,0.5769385869198573,0.19794329660631085,0.021821125174107274,-0.09391653771293847,0.9710509358692645,0.6949396384562678,
20260720,1,Ablation_no_subject,15987,0.7511963445637317,0.8220546134618434,0.6285932315748594,0.574086541542477,0.1966927226117134,0.019841456437111264,-0.08609192406418732,0.9816967616111762,0.6959404516169609,
20260720,1,AdaptiveMath-AI,15987,0.7510843713066684,0.8219880709226478,0.6284395611058853,0.5741367901506337,0.19671704241448468,0.019077979059915203,-0.08306800869277155,0.9828106089412886,0.6956276975042444,
20260720,1,Converged_item_intercept,15987,0.7509727080214683,0.8218803354510498,0.6284638102985425,0.5742018514528431,0.1967427536880997,0.01898074989022957,-0.08147029795766927,0.9834186576273058,0.6948770876337245,
20260720,1,HGB100,15987,0.7469550974431661,0.818783409816617,0.6261515317561999,0.5770832005763706,0.1980712228181736,0.022755649107197486,-0.07567584596400007,0.9559955543571926,0.6943766810533779,
20260720,1,HGB80,15987,0.7478658355635026,0.8198067609221047,0.6254495046211388,0.5762045416077073,0.19773243045796207,0.020112076805377188,-0.07958809933510386,0.9695724961439178,0.6956902483267877,
20260720,1,No_calibration,15987,0.7510843713066684,0.8219880709226478,0.6284395611058853,0.5741367901506337,0.19671704241448468,0.019077979059915203,-0.08306800869277155,0.9828106089412886,0.6956276975042444,
20260720,1,Question_only,15987,0.7509820887489123,0.8218883675097062,0.6284951853397645,0.5741852411016538,0.1967360859475224,0.018934115210561726,-0.08124061310561774,0.983568637811128,0.6948770876337245,
20260720,1,RecentQuestionRateControl,15987,0.7499829597045908,0.8210980401709342,0.6264685650594465,0.575235588151338,0.19712154466946516,0.02075484721308017,-0.06543157656716757,0.9561031609772479,0.6935009695377714,
20260720,2,Ablation_no_question,27052,0.7516129229025257,0.8279180993161432,0.6225793006341238,0.5693984943326784,0.19473753014803033,0.011450368858486713,-0.06272940640356103,1.0236472547478306,0.6992458967913768,
20260720,2,Ablation_no_subject,27052,0.7561001378571816,0.830743258515146,0.6313621633691422,0.565849809000692,0.1931861585687483,0.010662982028223023,-0.0628080558673322,1.041508389512855,0.703386071270159,
20260720,2,AdaptiveMath-AI,27052,0.7559943936464772,0.8306349077738101,0.6313250487457212,0.5659250508315208,0.19321242922804938,0.010608301974603128,-0.0626088485581516,1.0399422847979232,0.7035709004879618,
20260720,2,Converged_item_intercept,27052,0.7560836656759049,0.8307923894929516,0.6314239747373128,0.5658300794513083,0.1931847458198004,0.01068053307760085,-0.061014650602920426,1.043102364304728,0.7032751737394773,
20260720,2,HGB100,27052,0.7505827195972541,0.8274673668561539,0.6200732185359926,0.5700586343584344,0.19510734881445913,0.012483708335512414,-0.06224039021031387,1.0180275190887886,0.6989132041993318,
20260720,2,HGB80,27052,0.7504218619136489,0.8272509076357125,0.6206331597532803,0.5701744664781205,0.19514668106814226,0.011905310966775991,-0.062306356828677446,1.0218544566706438,0.6984326482330446,
20260720,2,No_calibration,27052,0.7559943936464772,0.8306349077738101,0.6313250487457212,0.5659250508315208,0.19321242922804938,0.010608301974603128,-0.0626088485581516,1.0399422847979232,0.7035709004879618,
20260720,2,Question_only,27052,0.7560858236035831,0.8307939536940133,0.6314233139079239,0.5658249494046663,0.19318240850760274,0.010593313449749075,-0.06071464760650055,1.0432468137193986,0.7032382078959167,
20260720,2,RecentQuestionRateControl,27052,0.7554921834537908,0.8302117358333261,0.6300363635610742,0.5663753917588512,0.19336836901902776,0.010702717926585724,-0.041650803601984296,1.0090599842170755,0.7032751737394773,
20260720,3,Ablation_no_question,22348,0.7612706056855838,0.850807899303854,0.6131577786304983,0.5487474336157425,0.18615581335846332,0.012816813359088748,0.05573333922464295,1.0283899447807217,0.7172901378199117,
20260720,3,Ablation_no_subject,22348,0.765718382148537,0.8539325080567457,0.6145508438259271,0.5452485059904157,0.1846927696359842,0.012006751702359545,0.05676908762677331,1.019741644891261,0.7197512081617765,
20260720,3,AdaptiveMath-AI,22348,0.7656750358547957,0.8539303633234179,0.6145341924000713,0.545266822061173,0.18470732339785276,0.012487658220849598,0.056778844594349606,1.019356007050754,0.720198675496661,
20260720,3,Converged_item_intercept,22348,0.765791437405682,0.854012319941124,0.6145344285251584,0.5451724666333496,0.18466550215521493,0.0118512289964898,0.055787338247029666,1.0201399344325497,0.7198407016287534,
20260720,3,HGB100,22348,0.7611868665442426,0.850853588982751,0.611702661728641,0.5484205549997796,0.186050827277266,0.008463893718216719,-0.0005544228239842968,1.0095060522315187,0.7174691247538655,
20260720,3,HGB80,22348,0.761183546643927,0.8508113845245893,0.61285960319859,0.5484288181817626,0.18604368535296856,0.01002881875119805,-0.0031719509776694742,1.0129526674032514,0.7166636835510735,
20260720,3,No_calibration,22348,0.7656750358547957,0.8539303633234179,0.6145341924000713,0.5449516746612129,0.18459232745722207,0.010614239429925558,-0.007463920513538852,1.0356322426867792,0.7209593699659645,
20260720,3,Question_only,22348,0.7657873889595677,0.8540082706285368,0.6145238979493225,0.5451748061081327,0.1846661903549144,0.011949799557279898,0.05577415662101857,1.0200727530215281,0.7198407016287534,
20260720,3,RecentQuestionRateControl,22348,0.7653198501465083,0.8534956166388655,0.6145173716636254,0.5458432379205961,0.18485583768692235,0.012760707749684548,0.0577160472829093,1.0274120919149243,0.7197959548952649,
20260720,4,Ablation_no_question,31522,0.7620716823192477,0.8619146007842333,0.5983014723571819,0.5356436344519482,0.18065844321673863,0.00960734088321765,0.043928584184034086,1.0148463565801433,0.7265719180255403,
20260720,4,Ablation_no_subject,31522,0.767767175844594,0.8658282664909006,0.604029129080929,0.5311919993315257,0.1788262910979064,0.008732030153985694,-0.005700344730276058,1.056474861944992,0.7304422308229519,
20260720,4,AdaptiveMath-AI,31522,0.7678498599260497,0.8658749016114693,0.6040707481567339,0.5311310260001667,0.17879888985261483,0.008877971490517134,-0.006491210059750956,1.056656703454073,0.7300615443182885,
20260720,4,Converged_item_intercept,31522,0.7676882953078616,0.8657285034015042,0.6038383472379074,0.5312402280472572,0.1788379952861609,0.009164746394526814,-0.00879925368782598,1.055977513293105,0.7305691263245064,
20260720,4,HGB100,31522,0.7631756317430425,0.8628885188769473,0.5966424205130777,0.5348023081953913,0.18036220404494152,0.009072896370202845,0.03702131745753419,1.023151408529578,0.7281581117949713,
20260720,4,HGB80,31522,0.7630348847401713,0.8628116581732255,0.5966340653206714,0.5347828790702763,0.1803487817491625,0.008120536139783648,-0.002962450315940511,1.040214682360969,0.7263815747732085,
20260720,4,No_calibration,31522,0.7678498599260497,0.8658749016114693,0.6040707481567339,0.5311310260001667,0.17879888985261483,0.008877971490517134,-0.006491210059750956,1.056656703454073,0.7300615443182885,
20260720,4,Question_only,31522,0.7676902242484,0.8657280087501498,0.6038432362526135,0.5312409906526763,0.17883774306411812,0.009100963712067695,-0.008489073094561126,1.0560992808159935,0.7305691263245064,
20260720,4,RecentQuestionRateControl,31522,0.767096767126862,0.8655899102275884,0.6023872377707573,0.5316133315097118,0.1790305074994626,0.008085485419366902,0.011799501010937827,1.023391435755532,0.7291415519320186,
20260720,5,Ablation_no_question,19475,0.7598275000716551,0.8825730445038332,0.5493892569731427,0.5057341104237245,0.16753470182364238,0.019856555653162532,0.11046670504225618,0.9946264685109983,0.7529139922977969,
20260720,5,Ablation_no_subject,19475,0.7655906488608615,0.8859041911272687,0.5598304516506627,0.5015399963005391,0.1659231956675199,0.01889559092039815,0.09662331273577796,1.018043641607354,0.7558408215660892,
20260720,5,AdaptiveMath-AI,19475,0.7656570702215342,0.8859191477664433,0.5599190749844625,0.5014629519947453,0.16588616676293416,0.01848856888724727,0.09426953458890333,1.0186879294602538,0.7560975609755886,
20260720,5,Converged_item_intercept,19475,0.7656667076267151,0.8858904869255394,0.560014503019673,0.5014369027883184,0.16586877809909453,0.018197118643269963,0.09285261852535306,1.018384117071644,0.7557894736841894,
20260720,5,HGB100,19475,0.760024442592506,0.8820332381827533,0.5528184073360383,0.5058803758377478,0.16749952781203292,0.019865610308715025,0.11579923973521664,0.9919895585140247,0.753632862644395,
20260720,5,HGB80,19475,0.7599796241063344,0.882154254397708,0.5523740886383068,0.5058002646125406,0.1674945079134762,0.020017823526220516,0.11264378723902585,0.9966109406988629,0.7539409499357942,
20260720,5,No_calibration,19475,0.7656570702215342,0.8859191477664433,0.5599190749844625,0.5014629519947453,0.16588616676293416,0.01848856888724727,0.09426953458890333,1.0186879294602538,0.7560975609755886,
20260720,5,Question_only,19475,0.7656591121548855,0.8858865076122897,0.5599734569327057,0.5014478657619746,0.1658728855553444,0.018248315535722235,0.09309887821564512,1.0184757659516357,0.7557894736841894,
20260720,5,RecentQuestionRateControl,19475,0.7654560568399256,0.8859305438044774,0.5585074184456638,0.5016851323237692,0.16603341004378316,0.01877812464862077,0.11655729006986454,0.986609694483852,0.7540949935814938,
20260721,0,Ablation_no_question,27181,0.7571610012795956,0.8476687474705157,0.6055208990835468,0.553380494306934,0.18818753165001226,0.017091255960953247,-0.08515245287954706,0.9994623334599457,0.7109377874250126,
20260721,0,Ablation_no_subject,27181,0.7608748608526885,0.8504458413272744,0.6084426717208893,0.5503842041555629,0.18698433009039395,0.01761187671226738,-0.08412987783621152,1.0120819816763338,0.7117471763363844,
20260721,0,AdaptiveMath-AI,27181,0.7607764771145812,0.8502912571691122,0.608414644222212,0.5504039906120629,0.1869736399957303,0.016174765967274834,-0.07778212260262068,1.0135327076674194,0.7115632243110726,
20260721,0,Converged_item_intercept,27181,0.7608793339108941,0.8504460840122059,0.6081780856847201,0.5501840692629667,0.18688871923327985,0.013801989436045457,-0.06662479613832202,1.017835593270625,0.7115632243110726,
20260721,0,HGB100,27181,0.7581622482740539,0.8486755906678214,0.606806902214478,0.552142428059098,0.18776345135813147,0.016467293727297688,-0.0665295138437501,0.9972625258542828,0.7114528530958855,
20260721,0,HGB80,27181,0.7581676777427306,0.8486494896854351,0.6067407938266791,0.5521651824834268,0.18776588597416638,0.015092128609270164,-0.07040209250552176,1.0038888108451647,0.7116735955262596,
20260721,0,No_calibration,27181,0.7607764771145812,0.8502912571691122,0.608414644222212,0.5504039906120629,0.1869736399957303,0.016174765967274834,-0.07778212260262068,1.0135327076674194,0.7115632243110726,
20260721,0,Question_only,27181,0.7608836068586009,0.8504475543671655,0.6081808399346473,0.550178970516222,0.1868861137730346,0.01378176767718269,-0.06647859762274297,1.0179017639668226,0.7114896435009479,
20260721,0,RecentQuestionRateControl,27181,0.7599726008706358,0.8497656484364464,0.6081437587073963,0.5509142844481143,0.18718015787999037,0.01303352979107397,-0.049717547898406,0.9924596752136653,0.7109009970199502,
20260721,1,Ablation_no_question,15987,0.7477105967600371,0.8196450641086936,0.6244020300895609,0.5769385869198573,0.19794329660631085,0.021821125174107274,-0.09391653771293847,0.9710509358692645,0.6949396384562678,
20260721,1,Ablation_no_subject,15987,0.7511963445637317,0.8220546134618434,0.6285932315748594,0.574086541542477,0.1966927226117134,0.019841456437111264,-0.08609192406418732,0.9816967616111762,0.6959404516169609,
20260721,1,AdaptiveMath-AI,15987,0.7510843713066684,0.8219880709226478,0.6284395611058853,0.5741367901506337,0.19671704241448468,0.019077979059915203,-0.08306800869277155,0.9828106089412886,0.6956276975042444,
20260721,1,Converged_item_intercept,15987,0.7509727080214683,0.8218803354510498,0.6284638102985425,0.5742018514528431,0.1967427536880997,0.01898074989022957,-0.08147029795766927,0.9834186576273058,0.6948770876337245,
20260721,1,HGB100,15987,0.7469550974431661,0.818783409816617,0.6261515317561999,0.5770832005763706,0.1980712228181736,0.022755649107197486,-0.07567584596400007,0.9559955543571926,0.6943766810533779,
20260721,1,HGB80,15987,0.7478658355635026,0.8198067609221047,0.6254495046211388,0.5762045416077073,0.19773243045796207,0.020112076805377188,-0.07958809933510386,0.9695724961439178,0.6956902483267877,
20260721,1,No_calibration,15987,0.7510843713066684,0.8219880709226478,0.6284395611058853,0.5741367901506337,0.19671704241448468,0.019077979059915203,-0.08306800869277155,0.9828106089412886,0.6956276975042444,
20260721,1,Question_only,15987,0.7509820887489123,0.8218883675097062,0.6284951853397645,0.5741852411016538,0.1967360859475224,0.018934115210561726,-0.08124061310561774,0.983568637811128,0.6948770876337245,
20260721,1,RecentQuestionRateControl,15987,0.7499829597045908,0.8210980401709342,0.6264685650594465,0.575235588151338,0.19712154466946516,0.02075484721308017,-0.06543157656716757,0.9561031609772479,0.6935009695377714,
20260721,2,Ablation_no_question,27052,0.7516129229025257,0.8279180993161432,0.6225793006341238,0.5693984943326784,0.19473753014803033,0.011450368858486713,-0.06272940640356103,1.0236472547478306,0.6992458967913768,
20260721,2,Ablation_no_subject,27052,0.7561001378571816,0.830743258515146,0.6313621633691422,0.565849809000692,0.1931861585687483,0.010662982028223023,-0.0628080558673322,1.041508389512855,0.703386071270159,
20260721,2,AdaptiveMath-AI,27052,0.7559943936464772,0.8306349077738101,0.6313250487457212,0.5659250508315208,0.19321242922804938,0.010608301974603128,-0.0626088485581516,1.0399422847979232,0.7035709004879618,
20260721,2,Converged_item_intercept,27052,0.7560836656759049,0.8307923894929516,0.6314239747373128,0.5658300794513083,0.1931847458198004,0.01068053307760085,-0.061014650602920426,1.043102364304728,0.7032751737394773,
20260721,2,HGB100,27052,0.7505827195972541,0.8274673668561539,0.6200732185359926,0.5700586343584344,0.19510734881445913,0.012483708335512414,-0.06224039021031387,1.0180275190887886,0.6989132041993318,
20260721,2,HGB80,27052,0.7504218619136489,0.8272509076357125,0.6206331597532803,0.5701744664781205,0.19514668106814226,0.011905310966775991,-0.062306356828677446,1.0218544566706438,0.6984326482330446,
20260721,2,No_calibration,27052,0.7559943936464772,0.8306349077738101,0.6313250487457212,0.5659250508315208,0.19321242922804938,0.010608301974603128,-0.0626088485581516,1.0399422847979232,0.7035709004879618,
20260721,2,Question_only,27052,0.7560858236035831,0.8307939536940133,0.6314233139079239,0.5658249494046663,0.19318240850760274,0.010593313449749075,-0.06071464760650055,1.0432468137193986,0.7032382078959167,
20260721,2,RecentQuestionRateControl,27052,0.7554921834537908,0.8302117358333261,0.6300363635610742,0.5663753917588512,0.19336836901902776,0.010702717926585724,-0.041650803601984296,1.0090599842170755,0.7032751737394773,
20260721,3,Ablation_no_question,22348,0.7612706056855838,0.850807899303854,0.6131577786304983,0.5487474336157425,0.18615581335846332,0.012816813359088748,0.05573333922464295,1.0283899447807217,0.7172901378199117,
20260721,3,Ablation_no_subject,22348,0.765718382148537,0.8539325080567457,0.6145508438259271,0.5452485059904157,0.1846927696359842,0.012006751702359545,0.05676908762677331,1.019741644891261,0.7197512081617765,
20260721,3,AdaptiveMath-AI,22348,0.7656750358547957,0.8539303633234179,0.6145341924000713,0.545266822061173,0.18470732339785276,0.012487658220849598,0.056778844594349606,1.019356007050754,0.720198675496661,
20260721,3,Converged_item_intercept,22348,0.765791437405682,0.854012319941124,0.6145344285251584,0.5451724666333496,0.18466550215521493,0.0118512289964898,0.055787338247029666,1.0201399344325497,0.7198407016287534,
20260721,3,HGB100,22348,0.7611868665442426,0.850853588982751,0.611702661728641,0.5484205549997796,0.186050827277266,0.008463893718216719,-0.0005544228239842968,1.0095060522315187,0.7174691247538655,
20260721,3,HGB80,22348,0.761183546643927,0.8508113845245893,0.61285960319859,0.5484288181817626,0.18604368535296856,0.01002881875119805,-0.0031719509776694742,1.0129526674032514,0.7166636835510735,
20260721,3,No_calibration,22348,0.7656750358547957,0.8539303633234179,0.6145341924000713,0.5449516746612129,0.18459232745722207,0.010614239429925558,-0.007463920513538852,1.0356322426867792,0.7209593699659645,
20260721,3,Question_only,22348,0.7657873889595677,0.8540082706285368,0.6145238979493225,0.5451748061081327,0.1846661903549144,0.011949799557279898,0.05577415662101857,1.0200727530215281,0.7198407016287534,
20260721,3,RecentQuestionRateControl,22348,0.7653198501465083,0.8534956166388655,0.6145173716636254,0.5458432379205961,0.18485583768692235,0.012760707749684548,0.0577160472829093,1.0274120919149243,0.7197959548952649,
20260721,4,Ablation_no_question,31522,0.7620716823192477,0.8619146007842333,0.5983014723571819,0.5356436344519482,0.18065844321673863,0.00960734088321765,0.043928584184034086,1.0148463565801433,0.7265719180255403,
20260721,4,Ablation_no_subject,31522,0.767767175844594,0.8658282664909006,0.604029129080929,0.5311919993315257,0.1788262910979064,0.008732030153985694,-0.005700344730276058,1.056474861944992,0.7304422308229519,
20260721,4,AdaptiveMath-AI,31522,0.7678498599260497,0.8658749016114693,0.6040707481567339,0.5311310260001667,0.17879888985261483,0.008877971490517134,-0.006491210059750956,1.056656703454073,0.7300615443182885,
20260721,4,Converged_item_intercept,31522,0.7676882953078616,0.8657285034015042,0.6038383472379074,0.5312402280472572,0.1788379952861609,0.009164746394526814,-0.00879925368782598,1.055977513293105,0.7305691263245064,
20260721,4,HGB100,31522,0.7634000205055946,0.8631560642966282,0.5966097714278519,0.5345830876277726,0.18029203434407276,0.009260579581829902,0.036240251410734343,1.0281324546982724,0.7281263879195827,
20260721,4,HGB80,31522,0.7631227103990478,0.8629674867564772,0.596203298622546,0.5346733235807386,0.18032118602293656,0.006080793550903268,-0.003674092174966277,1.0423596331650224,0.7273332910348671,
20260721,4,No_calibration,31522,0.7678498599260497,0.8658749016114693,0.6040707481567339,0.5311310260001667,0.17879888985261483,0.008877971490517134,-0.006491210059750956,1.056656703454073,0.7300615443182885,
20260721,4,Question_only,31522,0.7676902242484,0.8657280087501498,0.6038432362526135,0.5312409906526763,0.17883774306411812,0.009100963712067695,-0.008489073094561126,1.0560992808159935,0.7305691263245064,
20260721,4,RecentQuestionRateControl,31522,0.767096767126862,0.8655899102275884,0.6023872377707573,0.5316133315097118,0.1790305074994626,0.008085485419366902,0.011799501010937827,1.023391435755532,0.7291415519320186,
20260721,5,Ablation_no_question,19475,0.7598275000716551,0.8825730445038332,0.5493892569731427,0.5057341104237245,0.16753470182364238,0.019856555653162532,0.11046670504225618,0.9946264685109983,0.7529139922977969,
20260721,5,Ablation_no_subject,19475,0.7655906488608615,0.8859041911272687,0.5598304516506627,0.5015399963005391,0.1659231956675199,0.01889559092039815,0.09662331273577796,1.018043641607354,0.7558408215660892,
20260721,5,AdaptiveMath-AI,19475,0.7656570702215342,0.8859191477664433,0.5599190749844625,0.5014629519947453,0.16588616676293416,0.01848856888724727,0.09426953458890333,1.0186879294602538,0.7560975609755886,
20260721,5,Converged_item_intercept,19475,0.7656667076267151,0.8858904869255394,0.560014503019673,0.5014369027883184,0.16586877809909453,0.018197118643269963,0.09285261852535306,1.018384117071644,0.7557894736841894,
20260721,5,HGB100,19475,0.7601233593065446,0.8824095060155188,0.5535083632204613,0.5056519053434737,0.1674558721257843,0.020280692345284807,0.11053620911299294,0.9942301244118689,0.7534788189986954,
20260721,5,HGB80,19475,0.7601124538217348,0.8823727355562961,0.5535054767308752,0.5056533554698779,0.16747314688468068,0.01992951073197825,0.10917433626329105,0.999257614752603,0.753632862644395,
20260721,5,No_calibration,19475,0.7656570702215342,0.8859191477664433,0.5599190749844625,0.5014629519947453,0.16588616676293416,0.01848856888724727,0.09426953458890333,1.0186879294602538,0.7560975609755886,
20260721,5,Question_only,19475,0.7656591121548855,0.8858865076122897,0.5599734569327057,0.5014478657619746,0.1658728855553444,0.018248315535722235,0.09309887821564512,1.0184757659516357,0.7557894736841894,
20260721,5,RecentQuestionRateControl,19475,0.7654560568399256,0.8859305438044774,0.5585074184456638,0.5016851323237692,0.16603341004378316,0.01877812464862077,0.11655729006986454,0.986609694483852,0.7540949935814938,
20260722,0,Ablation_no_question,27181,0.7571610012795956,0.8476687474705157,0.6055208990835468,0.553380494306934,0.18818753165001226,0.017091255960953247,-0.08515245287954706,0.9994623334599457,0.7109377874250126,
20260722,0,Ablation_no_subject,27181,0.7608748608526885,0.8504458413272744,0.6084426717208893,0.5503842041555629,0.18698433009039395,0.01761187671226738,-0.08412987783621152,1.0120819816763338,0.7117471763363844,
20260722,0,AdaptiveMath-AI,27181,0.7607764771145812,0.8502912571691122,0.608414644222212,0.5504039906120629,0.1869736399957303,0.016174765967274834,-0.07778212260262068,1.0135327076674194,0.7115632243110726,
20260722,0,Converged_item_intercept,27181,0.7608793339108941,0.8504460840122059,0.6081780856847201,0.5501840692629667,0.18688871923327985,0.013801989436045457,-0.06662479613832202,1.017835593270625,0.7115632243110726,
20260722,0,HGB100,27181,0.7581622482740539,0.8486755906678214,0.606806902214478,0.552142428059098,0.18776345135813147,0.016467293727297688,-0.0665295138437501,0.9972625258542828,0.7114528530958855,
20260722,0,HGB80,27181,0.7581676777427306,0.8486494896854351,0.6067407938266791,0.5521651824834268,0.18776588597416638,0.015092128609270164,-0.07040209250552176,1.0038888108451647,0.7116735955262596,
20260722,0,No_calibration,27181,0.7607764771145812,0.8502912571691122,0.608414644222212,0.5504039906120629,0.1869736399957303,0.016174765967274834,-0.07778212260262068,1.0135327076674194,0.7115632243110726,
20260722,0,Question_only,27181,0.7608836068586009,0.8504475543671655,0.6081808399346473,0.550178970516222,0.1868861137730346,0.01378176767718269,-0.06647859762274297,1.0179017639668226,0.7114896435009479,
20260722,0,RecentQuestionRateControl,27181,0.7599726008706358,0.8497656484364464,0.6081437587073963,0.5509142844481143,0.18718015787999037,0.01303352979107397,-0.049717547898406,0.9924596752136653,0.7109009970199502,
20260722,1,Ablation_no_question,15987,0.7477105967600371,0.8196450641086936,0.6244020300895609,0.5769385869198573,0.19794329660631085,0.021821125174107274,-0.09391653771293847,0.9710509358692645,0.6949396384562678,
20260722,1,Ablation_no_subject,15987,0.7511963445637317,0.8220546134618434,0.6285932315748594,0.574086541542477,0.1966927226117134,0.019841456437111264,-0.08609192406418732,0.9816967616111762,0.6959404516169609,
20260722,1,AdaptiveMath-AI,15987,0.7510843713066684,0.8219880709226478,0.6284395611058853,0.5741367901506337,0.19671704241448468,0.019077979059915203,-0.08306800869277155,0.9828106089412886,0.6956276975042444,
20260722,1,Converged_item_intercept,15987,0.7509727080214683,0.8218803354510498,0.6284638102985425,0.5742018514528431,0.1967427536880997,0.01898074989022957,-0.08147029795766927,0.9834186576273058,0.6948770876337245,
20260722,1,HGB100,15987,0.7469550974431661,0.818783409816617,0.6261515317561999,0.5770832005763706,0.1980712228181736,0.022755649107197486,-0.07567584596400007,0.9559955543571926,0.6943766810533779,
20260722,1,HGB80,15987,0.7478658355635026,0.8198067609221047,0.6254495046211388,0.5762045416077073,0.19773243045796207,0.020112076805377188,-0.07958809933510386,0.9695724961439178,0.6956902483267877,
20260722,1,No_calibration,15987,0.7510843713066684,0.8219880709226478,0.6284395611058853,0.5741367901506337,0.19671704241448468,0.019077979059915203,-0.08306800869277155,0.9828106089412886,0.6956276975042444,
20260722,1,Question_only,15987,0.7509820887489123,0.8218883675097062,0.6284951853397645,0.5741852411016538,0.1967360859475224,0.018934115210561726,-0.08124061310561774,0.983568637811128,0.6948770876337245,
20260722,1,RecentQuestionRateControl,15987,0.7499829597045908,0.8210980401709342,0.6264685650594465,0.575235588151338,0.19712154466946516,0.02075484721308017,-0.06543157656716757,0.9561031609772479,0.6935009695377714,
20260722,2,Ablation_no_question,27052,0.7516129229025257,0.8279180993161432,0.6225793006341238,0.5693984943326784,0.19473753014803033,0.011450368858486713,-0.06272940640356103,1.0236472547478306,0.6992458967913768,
20260722,2,Ablation_no_subject,27052,0.7561001378571816,0.830743258515146,0.6313621633691422,0.565849809000692,0.1931861585687483,0.010662982028223023,-0.0628080558673322,1.041508389512855,0.703386071270159,
20260722,2,AdaptiveMath-AI,27052,0.7559943936464772,0.8306349077738101,0.6313250487457212,0.5659250508315208,0.19321242922804938,0.010608301974603128,-0.0626088485581516,1.0399422847979232,0.7035709004879618,
20260722,2,Converged_item_intercept,27052,0.7560836656759049,0.8307923894929516,0.6314239747373128,0.5658300794513083,0.1931847458198004,0.01068053307760085,-0.061014650602920426,1.043102364304728,0.7032751737394773,
20260722,2,HGB100,27052,0.7505827195972541,0.8274673668561539,0.6200732185359926,0.5700586343584344,0.19510734881445913,0.012483708335512414,-0.06224039021031387,1.0180275190887886,0.6989132041993318,
20260722,2,HGB80,27052,0.7504218619136489,0.8272509076357125,0.6206331597532803,0.5701744664781205,0.19514668106814226,0.011905310966775991,-0.062306356828677446,1.0218544566706438,0.6984326482330446,
20260722,2,No_calibration,27052,0.7559943936464772,0.8306349077738101,0.6313250487457212,0.5659250508315208,0.19321242922804938,0.010608301974603128,-0.0626088485581516,1.0399422847979232,0.7035709004879618,
20260722,2,Question_only,27052,0.7560858236035831,0.8307939536940133,0.6314233139079239,0.5658249494046663,0.19318240850760274,0.010593313449749075,-0.06071464760650055,1.0432468137193986,0.7032382078959167,
20260722,2,RecentQuestionRateControl,27052,0.7554921834537908,0.8302117358333261,0.6300363635610742,0.5663753917588512,0.19336836901902776,0.010702717926585724,-0.041650803601984296,1.0090599842170755,0.7032751737394773,
20260722,3,Ablation_no_question,22348,0.7612706056855838,0.850807899303854,0.6131577786304983,0.5487474336157425,0.18615581335846332,0.012816813359088748,0.05573333922464295,1.0283899447807217,0.7172901378199117,
20260722,3,Ablation_no_subject,22348,0.765718382148537,0.8539325080567457,0.6145508438259271,0.5452485059904157,0.1846927696359842,0.012006751702359545,0.05676908762677331,1.019741644891261,0.7197512081617765,
20260722,3,AdaptiveMath-AI,22348,0.7656750358547957,0.8539303633234179,0.6145341924000713,0.545266822061173,0.18470732339785276,0.012487658220849598,0.056778844594349606,1.019356007050754,0.720198675496661,
20260722,3,Converged_item_intercept,22348,0.765791437405682,0.854012319941124,0.6145344285251584,0.5451724666333496,0.18466550215521493,0.0118512289964898,0.055787338247029666,1.0201399344325497,0.7198407016287534,
20260722,3,HGB100,22348,0.7611868665442426,0.850853588982751,0.611702661728641,0.5484205549997796,0.186050827277266,0.008463893718216719,-0.0005544228239842968,1.0095060522315187,0.7174691247538655,
20260722,3,HGB80,22348,0.761183546643927,0.8508113845245893,0.61285960319859,0.5484288181817626,0.18604368535296856,0.01002881875119805,-0.0031719509776694742,1.0129526674032514,0.7166636835510735,
20260722,3,No_calibration,22348,0.7656750358547957,0.8539303633234179,0.6145341924000713,0.5449516746612129,0.18459232745722207,0.010614239429925558,-0.007463920513538852,1.0356322426867792,0.7209593699659645,
20260722,3,Question_only,22348,0.7657873889595677,0.8540082706285368,0.6145238979493225,0.5451748061081327,0.1846661903549144,0.011949799557279898,0.05577415662101857,1.0200727530215281,0.7198407016287534,
20260722,3,RecentQuestionRateControl,22348,0.7653198501465083,0.8534956166388655,0.6145173716636254,0.5458432379205961,0.18485583768692235,0.012760707749684548,0.0577160472829093,1.0274120919149243,0.7197959548952649,
20260722,4,Ablation_no_question,31522,0.7620716823192477,0.8619146007842333,0.5983014723571819,0.5356436344519482,0.18065844321673863,0.00960734088321765,0.043928584184034086,1.0148463565801433,0.7265719180255403,
20260722,4,Ablation_no_subject,31522,0.767767175844594,0.8658282664909006,0.604029129080929,0.5311919993315257,0.1788262910979064,0.008732030153985694,-0.005700344730276058,1.056474861944992,0.7304422308229519,
20260722,4,AdaptiveMath-AI,31522,0.7678498599260497,0.8658749016114693,0.6040707481567339,0.5311310260001667,0.17879888985261483,0.008877971490517134,-0.006491210059750956,1.056656703454073,0.7300615443182885,
20260722,4,Converged_item_intercept,31522,0.7676882953078616,0.8657285034015042,0.6038383472379074,0.5312402280472572,0.1788379952861609,0.009164746394526814,-0.00879925368782598,1.055977513293105,0.7305691263245064,
20260722,4,HGB100,31522,0.763052901769284,0.8628913563741754,0.596903280286977,0.5348973692084408,0.1804192088087559,0.0094805253527673,0.03863994614805059,1.0211618626415602,0.7281263879195826,
20260722,4,HGB80,31522,0.7630565694731246,0.8628811902074749,0.597033721963625,0.5347721282766227,0.18035768061660157,0.006969359552267604,-0.0037652143448752154,1.0418871775162515,0.72726984328409,
20260722,4,No_calibration,31522,0.7678498599260497,0.8658749016114693,0.6040707481567339,0.5311310260001667,0.17879888985261483,0.008877971490517134,-0.006491210059750956,1.056656703454073,0.7300615443182885,
20260722,4,Question_only,31522,0.7676902242484,0.8657280087501498,0.6038432362526135,0.5312409906526763,0.17883774306411812,0.009100963712067695,-0.008489073094561126,1.0560992808159935,0.7305691263245064,
20260722,4,RecentQuestionRateControl,31522,0.767096767126862,0.8655899102275884,0.6023872377707573,0.5316133315097118,0.1790305074994626,0.008085485419366902,0.011799501010937827,1.023391435755532,0.7291415519320186,
20260722,5,Ablation_no_question,19475,0.7598275000716551,0.8825730445038332,0.5493892569731427,0.5057341104237245,0.16753470182364238,0.019856555653162532,0.11046670504225618,0.9946264685109983,0.7529139922977969,
20260722,5,Ablation_no_subject,19475,0.7655906488608615,0.8859041911272687,0.5598304516506627,0.5015399963005391,0.1659231956675199,0.01889559092039815,0.09662331273577796,1.018043641607354,0.7558408215660892,
20260722,5,AdaptiveMath-AI,19475,0.7656570702215342,0.8859191477664433,0.5599190749844625,0.5014629519947453,0.16588616676293416,0.01848856888724727,0.09426953458890333,1.0186879294602538,0.7560975609755886,
20260722,5,Converged_item_intercept,19475,0.7656667076267151,0.8858904869255394,0.560014503019673,0.5014369027883184,0.16586877809909453,0.018197118643269963,0.09285261852535306,1.018384117071644,0.7557894736841894,
20260722,5,HGB100,19475,0.7602165924226562,0.8822772323446929,0.5544843032431707,0.505561191554374,0.16741244787122395,0.019518069560692238,0.11300810458588886,0.9945765331507388,0.7514762516046006,
20260722,5,HGB80,19475,0.7600792886622056,0.8821066147528812,0.554944371546298,0.5056691317922297,0.16744944981445697,0.01997924781861037,0.11175797826665824,0.9976563141598646,0.7521437740692989,
20260722,5,No_calibration,19475,0.7656570702215342,0.8859191477664433,0.5599190749844625,0.5014629519947453,0.16588616676293416,0.01848856888724727,0.09426953458890333,1.0186879294602538,0.7560975609755886,
20260722,5,Question_only,19475,0.7656591121548855,0.8858865076122897,0.5599734569327057,0.5014478657619746,0.1658728855553444,0.018248315535722235,0.09309887821564512,1.0184757659516357,0.7557894736841894,
20260722,5,RecentQuestionRateControl,19475,0.7654560568399256,0.8859305438044774,0.5585074184456638,0.5016851323237692,0.16603341004378316,0.01877812464862077,0.11655729006986454,0.986609694483852,0.7540949935814938,
