contrast,cluster,metric,delta,lower,upper,B_requested,B_valid,B_invalid,count_delta_le0,count_delta_ge0,p_two_sided,p_formula,minimum_p_resolution,uncertainty,estimator,model_lower,model_upper,comparator_lower,comparator_upper,group_field,group,N
subgroup_Gender_0,student,ROC_AUC,0.004913986544686333,0.003782045382438848,0.006151888179271415,5000,5000,0,0,5000,0.0003999200159968006,"min(1, 2*(min(count<=0,count>=0)+1)/(B_valid+1))",0.0003999200159968006,conditional on fixed fitted predictions; seed variability separate,paired cluster multiplicity weights,0.765152402767121,0.7980096114841179,0.7598505759701571,0.7933778297700389,Gender,0,40515
subgroup_Gender_0,student,Log_Loss,-0.0036097409838214967,-0.004673343095500446,-0.002582564890197179,5000,5000,0,5000,0,0.0003999200159968006,"min(1, 2*(min(count<=0,count>=0)+1)/(B_valid+1))",0.0003999200159968006,conditional on fixed fitted predictions; seed variability separate,paired cluster multiplicity weights,0.49362384757440786,0.5408923727241963,0.49661680232522437,0.5449645621918409,Gender,0,40515
subgroup_Gender_0,student,Brier,-0.00161074395530178,-0.0020482758664596597,-0.0012092138050741595,5000,5000,0,5000,0,0.0003999200159968006,"min(1, 2*(min(count<=0,count>=0)+1)/(B_valid+1))",0.0003999200159968006,conditional on fixed fitted predictions; seed variability separate,paired cluster multiplicity weights,0.16464425336977676,0.18313479705096136,0.1661691955996327,0.18488637284648685,Gender,0,40515
subgroup_Gender_0,student,ECE15,0.003489933832043225,0.000232127972162918,0.005425369445307803,5000,5000,0,80,4920,0.03239352129574085,"min(1, 2*(min(count<=0,count>=0)+1)/(B_valid+1))",0.0003999200159968006,conditional on fixed fitted predictions; seed variability separate,paired cluster multiplicity weights,0.010152890013228789,0.01824940376341188,0.007656463611234927,0.014893983695113796,Gender,0,40515
subgroup_Gender_1,student,ROC_AUC,0.003876936614084614,0.0027060791259872373,0.0051063404708711554,5000,5000,0,0,5000,0.0003999200159968006,"min(1, 2*(min(count<=0,count>=0)+1)/(B_valid+1))",0.0003999200159968006,conditional on fixed fitted predictions; seed variability separate,paired cluster multiplicity weights,0.7377646346958566,0.7629716812582628,0.7334785854229692,0.7594446107186272,Gender,1,54152
subgroup_Gender_1,student,Log_Loss,-0.0028857790938514594,-0.0037811517165034308,-0.0020138657326695566,5000,5000,0,5000,0,0.0003999200159968006,"min(1, 2*(min(count<=0,count>=0)+1)/(B_valid+1))",0.0003999200159968006,conditional on fixed fitted predictions; seed variability separate,paired cluster multiplicity weights,0.542262765914927,0.5709768835327916,0.5451261865322751,0.5739771398292438,Gender,1,54152
subgroup_Gender_1,student,Brier,-0.0012506726997000561,-0.0016244660150049697,-0.0008836746012809088,5000,5000,0,5000,0,0.0003999200159968006,"min(1, 2*(min(count<=0,count>=0)+1)/(B_valid+1))",0.0003999200159968006,conditional on fixed fitted predictions; seed variability separate,paired cluster multiplicity weights,0.1831168261933613,0.194746155686746,0.1843281537323386,0.1960087346953234,Gender,1,54152
subgroup_Gender_1,student,ECE15,0.0006245904179663945,-0.002951502795395339,0.004357906264890592,5000,5000,0,1711,3289,0.6846630673865227,"min(1, 2*(min(count<=0,count>=0)+1)/(B_valid+1))",0.0003999200159968006,conditional on fixed fitted predictions; seed variability separate,paired cluster multiplicity weights,0.005723768534779854,0.01157951573306269,0.004756952467894238,0.010901038644968036,Gender,1,54152
subgroup_Gender_2,student,ROC_AUC,0.003950538906676737,0.0028150875883328234,0.005209170866318351,5000,5000,0,0,5000,0.0003999200159968006,"min(1, 2*(min(count<=0,count>=0)+1)/(B_valid+1))",0.0003999200159968006,conditional on fixed fitted predictions; seed variability separate,paired cluster multiplicity weights,0.7468980911316363,0.7765899173179163,0.7424180968083052,0.7731244029543035,Gender,2,48885
subgroup_Gender_2,student,Log_Loss,-0.0031751705098864713,-0.004229496846922568,-0.0021664072218271274,5000,5000,0,5000,0,0.0003999200159968006,"min(1, 2*(min(count<=0,count>=0)+1)/(B_valid+1))",0.0003999200159968006,conditional on fixed fitted predictions; seed variability separate,paired cluster multiplicity weights,0.5337523636930497,0.5709364748825224,0.5367342435248568,0.5744183422172146,Gender,2,48885
subgroup_Gender_2,student,Brier,-0.0013150492368383115,-0.001720280617882823,-0.0009291719728297822,5000,5000,0,5000,0,0.0003999200159968006,"min(1, 2*(min(count<=0,count>=0)+1)/(B_valid+1))",0.0003999200159968006,conditional on fixed fitted predictions; seed variability separate,paired cluster multiplicity weights,0.18028370354787063,0.19473149215270508,0.1814764881554475,0.19615912939499516,Gender,2,48885
subgroup_Gender_2,student,ECE15,0.00037226490087014213,-0.003001286233033825,0.0038783986089537797,5000,5000,0,2008,2992,0.8034393121375725,"min(1, 2*(min(count<=0,count>=0)+1)/(B_valid+1))",0.0003999200159968006,conditional on fixed fitted predictions; seed variability separate,paired cluster multiplicity weights,0.005881454030552905,0.012332390569035474,0.005334570239874585,0.011857795822237227,Gender,2,48885
subgroup_PremiumPupil_3,student,ROC_AUC,0.004495616933884672,0.0030674741214396397,0.006067510799992667,5000,5000,0,0,5000,0.0003999200159968006,"min(1, 2*(min(count<=0,count>=0)+1)/(B_valid+1))",0.0003999200159968006,conditional on fixed fitted predictions; seed variability separate,paired cluster multiplicity weights,0.7251099920411223,0.7585952057543335,0.7203175079108038,0.7547674347128867,PremiumPupil,0.0,36053
subgroup_PremiumPupil_3,student,Log_Loss,-0.003506367061540394,-0.0047607220433266316,-0.0022553368140184066,5000,5000,0,5000,0,0.0003999200159968006,"min(1, 2*(min(count<=0,count>=0)+1)/(B_valid+1))",0.0003999200159968006,conditional on fixed fitted predictions; seed variability separate,paired cluster multiplicity weights,0.5624209426862896,0.5993086145492712,0.565668038415079,0.6032852183196022,PremiumPupil,0.0,36053
subgroup_PremiumPupil_3,student,Brier,-0.0014678592950428115,-0.0019472757302486266,-0.000985002245644011,5000,5000,0,5000,0,0.0003999200159968006,"min(1, 2*(min(count<=0,count>=0)+1)/(B_valid+1))",0.0003999200159968006,conditional on fixed fitted predictions; seed variability separate,paired cluster multiplicity weights,0.19214702622025515,0.2068941237639857,0.19361617653685143,0.20849116836707474,PremiumPupil,0.0,36053
subgroup_PremiumPupil_3,student,ECE15,-0.0018854246246497583,-0.004752894600117278,0.0028930809553545556,5000,5000,0,3538,1462,0.5850829834033193,"min(1, 2*(min(count<=0,count>=0)+1)/(B_valid+1))",0.0003999200159968006,conditional on fixed fitted predictions; seed variability separate,paired cluster multiplicity weights,0.006770139073274468,0.015057980634172059,0.007572999357581768,0.016193472092709674,PremiumPupil,0.0,36053
subgroup_PremiumPupil_4,student,ROC_AUC,0.003019941501884782,-2.428113728541458e-05,0.006096426311512084,5000,5000,0,134,4866,0.05398920215956809,"min(1, 2*(min(count<=0,count>=0)+1)/(B_valid+1))",0.0003999200159968006,conditional on fixed fitted predictions; seed variability separate,paired cluster multiplicity weights,0.7091564874323267,0.7600297860542718,0.7047991982028926,0.757946963344239,PremiumPupil,1.0,9107
subgroup_PremiumPupil_4,student,Log_Loss,-0.002502778519908988,-0.004723069972593119,-0.00015853914237334328,5000,5000,0,4907,93,0.03759248150369926,"min(1, 2*(min(count<=0,count>=0)+1)/(B_valid+1))",0.0003999200159968006,conditional on fixed fitted predictions; seed variability separate,paired cluster multiplicity weights,0.581357593393378,0.624283938165617,0.5836230534044174,0.6274984005453871,PremiumPupil,1.0,9107
subgroup_PremiumPupil_4,student,Brier,-0.0010425526958648679,-0.0019962488876879383,-1.6750441474779846e-05,5000,5000,0,4884,116,0.046790641871625675,"min(1, 2*(min(count<=0,count>=0)+1)/(B_valid+1))",0.0003999200159968006,conditional on fixed fitted predictions; seed variability separate,paired cluster multiplicity weights,0.19773224171936973,0.217059082450536,0.19855535157803036,0.2183259722169569,PremiumPupil,1.0,9107
subgroup_PremiumPupil_4,student,ECE15,-0.0032472994686607685,-0.009006980599804036,0.005838702556145792,5000,5000,0,3722,1278,0.5114977004599081,"min(1, 2*(min(count<=0,count>=0)+1)/(B_valid+1))",0.0003999200159968006,conditional on fixed fitted predictions; seed variability separate,paired cluster multiplicity weights,0.01804341673105014,0.03885656250012474,0.018779374588704392,0.04313315239380601,PremiumPupil,1.0,9107
subgroup_PremiumPupil_5,student,ROC_AUC,0.004318213415133276,0.0035171481536290156,0.005164017333512047,5000,5000,0,0,5000,0.0003999200159968006,"min(1, 2*(min(count<=0,count>=0)+1)/(B_valid+1))",0.0003999200159968006,conditional on fixed fitted predictions; seed variability separate,paired cluster multiplicity weights,0.7576473232455931,0.7782366367628628,0.7530709772722424,0.7740269657320765,PremiumPupil,nan,98405
subgroup_PremiumPupil_5,student,Log_Loss,-0.0031338994169116674,-0.00379166412462813,-0.0024842575721030964,5000,5000,0,5000,0,0.0003999200159968006,"min(1, 2*(min(count<=0,count>=0)+1)/(B_valid+1))",0.0003999200159968006,conditional on fixed fitted predictions; seed variability separate,paired cluster multiplicity weights,0.5116176407550448,0.538318078268698,0.5145589987380786,0.5415622605002299,PremiumPupil,nan,98405
subgroup_PremiumPupil_5,student,Brier,-0.001369813555331667,-0.0016367306159505643,-0.0011058967493205447,5000,5000,0,5000,0,0.0003999200159968006,"min(1, 2*(min(count<=0,count>=0)+1)/(B_valid+1))",0.0003999200159968006,conditional on fixed fitted predictions; seed variability separate,paired cluster multiplicity weights,0.17114511034899646,0.18154902182822472,0.17241741040217737,0.18298325534625334,PremiumPupil,nan,98405
subgroup_PremiumPupil_5,student,ECE15,0.0007304049989598294,-0.0017367587225705764,0.002903974748341028,5000,5000,0,1380,3620,0.5522895420915817,"min(1, 2*(min(count<=0,count>=0)+1)/(B_valid+1))",0.0003999200159968006,conditional on fixed fitted predictions; seed variability separate,paired cluster multiplicity weights,0.006519210967067499,0.011659805651508988,0.005906341709115964,0.010816807306345053,PremiumPupil,nan,98405
subgroup_history_bin_6,student,ROC_AUC,0.03527111574556829,0.005199200720477326,0.06667358696609935,5000,5000,0,67,4933,0.027194561087782444,"min(1, 2*(min(count<=0,count>=0)+1)/(B_valid+1))",0.0003999200159968006,conditional on fixed fitted predictions; seed variability separate,paired cluster multiplicity weights,0.5641412088209856,0.6439583093252558,0.5276428281162503,0.6091936282082296,history_bin,"(-1.0, 0.0]",965
subgroup_history_bin_6,student,Log_Loss,-0.006019349037781563,-0.011736413273018342,-0.00046134654234257673,5000,5000,0,4916,84,0.033993201359728054,"min(1, 2*(min(count<=0,count>=0)+1)/(B_valid+1))",0.0003999200159968006,conditional on fixed fitted predictions; seed variability separate,paired cluster multiplicity weights,0.5496302189805102,0.6304904051055984,0.5570988449154138,0.6354947062084648,history_bin,"(-1.0, 0.0]",965
subgroup_history_bin_6,student,Brier,-0.0023034897874855687,-0.00456340350891438,-0.0001185142347293299,5000,5000,0,4901,99,0.03999200159968006,"min(1, 2*(min(count<=0,count>=0)+1)/(B_valid+1))",0.0003999200159968006,conditional on fixed fitted predictions; seed variability separate,paired cluster multiplicity weights,0.18251669700816836,0.21914182089288975,0.1852053910018299,0.22129920126228772,history_bin,"(-1.0, 0.0]",965
subgroup_history_bin_6,student,ECE15,0.004884512510834976,-0.023502829051811107,0.01937869327775064,5000,5000,0,1858,3142,0.7434513097380524,"min(1, 2*(min(count<=0,count>=0)+1)/(B_valid+1))",0.0003999200159968006,conditional on fixed fitted predictions; seed variability separate,paired cluster multiplicity weights,0.0169237954119749,0.06982040553843205,0.01648470774033163,0.06284052471485906,history_bin,"(-1.0, 0.0]",965
subgroup_history_bin_7,student,ROC_AUC,0.0125721134848924,0.0048760797783198445,0.020215078580249117,5000,5000,0,3,4997,0.0015996800639872025,"min(1, 2*(min(count<=0,count>=0)+1)/(B_valid+1))",0.0003999200159968006,conditional on fixed fitted predictions; seed variability separate,paired cluster multiplicity weights,0.6905816558418595,0.7356719356547348,0.6767129555316899,0.723908284932458,history_bin,"(0.0, 4.0]",2747
subgroup_history_bin_7,student,Log_Loss,-0.007058734597263694,-0.011086522886976511,-0.0029828465401761576,5000,5000,0,5000,0,0.0003999200159968006,"min(1, 2*(min(count<=0,count>=0)+1)/(B_valid+1))",0.0003999200159968006,conditional on fixed fitted predictions; seed variability separate,paired cluster multiplicity weights,0.5310013562724201,0.5740379257783249,0.5373618585133368,0.5816417093444658,history_bin,"(0.0, 4.0]",2747
subgroup_history_bin_7,student,Brier,-0.0029176246634089464,-0.004568936547051807,-0.0012468212124242533,5000,5000,0,5000,0,0.0003999200159968006,"min(1, 2*(min(count<=0,count>=0)+1)/(B_valid+1))",0.0003999200159968006,conditional on fixed fitted predictions; seed variability separate,paired cluster multiplicity weights,0.17648115510798196,0.1952783599885985,0.1790451130105322,0.19836479254569547,history_bin,"(0.0, 4.0]",2747
subgroup_history_bin_7,student,ECE15,0.003583010937345324,-0.013173486633880398,0.016276211231679275,5000,5000,0,1814,3186,0.7258548290341932,"min(1, 2*(min(count<=0,count>=0)+1)/(B_valid+1))",0.0003999200159968006,conditional on fixed fitted predictions; seed variability separate,paired cluster multiplicity weights,0.015653687593827598,0.03966557366711511,0.014124557172217032,0.03667554099581134,history_bin,"(0.0, 4.0]",2747
subgroup_history_bin_8,student,ROC_AUC,0.005416078194470875,0.003918185896716123,0.006904790274662126,5000,5000,0,0,5000,0.0003999200159968006,"min(1, 2*(min(count<=0,count>=0)+1)/(B_valid+1))",0.0003999200159968006,conditional on fixed fitted predictions; seed variability separate,paired cluster multiplicity weights,0.7314851808921907,0.7506126843046069,0.7256850396836195,0.745684684091054,history_bin,"(19.0, 49.0]",29195
subgroup_history_bin_8,student,Log_Loss,-0.003891063058165223,-0.005161801071342514,-0.0026648536658545273,5000,5000,0,5000,0,0.0003999200159968006,"min(1, 2*(min(count<=0,count>=0)+1)/(B_valid+1))",0.0003999200159968006,conditional on fixed fitted predictions; seed variability separate,paired cluster multiplicity weights,0.5424578316736498,0.5642301114516914,0.546267025508288,0.5682720172833157,history_bin,"(19.0, 49.0]",29195
subgroup_history_bin_8,student,Brier,-0.001560728915053461,-0.0020043566158245187,-0.001106916845331932,5000,5000,0,5000,0,0.0003999200159968006,"min(1, 2*(min(count<=0,count>=0)+1)/(B_valid+1))",0.0003999200159968006,conditional on fixed fitted predictions; seed variability separate,paired cluster multiplicity weights,0.18283574772619174,0.19181065095121066,0.18439038925310736,0.19341431881335572,history_bin,"(19.0, 49.0]",29195
subgroup_history_bin_8,student,ECE15,0.0016589993163630794,-0.003587862326237398,0.006015779633111783,5000,5000,0,1522,3478,0.6090781843631273,"min(1, 2*(min(count<=0,count>=0)+1)/(B_valid+1))",0.0003999200159968006,conditional on fixed fitted predictions; seed variability separate,paired cluster multiplicity weights,0.008829655507958254,0.01759493457608582,0.007607514712848528,0.016091440673520686,history_bin,"(19.0, 49.0]",29195
subgroup_history_bin_9,student,ROC_AUC,0.009372616456720606,0.004515393751001609,0.01408879998329333,5000,5000,0,0,5000,0.0003999200159968006,"min(1, 2*(min(count<=0,count>=0)+1)/(B_valid+1))",0.0003999200159968006,conditional on fixed fitted predictions; seed variability separate,paired cluster multiplicity weights,0.7017072429944359,0.7444227820331502,0.6923597186354526,0.7356660361664594,history_bin,"(4.0, 9.0]",3479
subgroup_history_bin_9,student,Log_Loss,-0.004854980677878151,-0.007917421581916915,-0.0017232775624776051,5000,5000,0,4990,10,0.004399120175964807,"min(1, 2*(min(count<=0,count>=0)+1)/(B_valid+1))",0.0003999200159968006,conditional on fixed fitted predictions; seed variability separate,paired cluster multiplicity weights,0.5302189372842738,0.5695668514744023,0.5349043607380894,0.5749839855544963,history_bin,"(4.0, 9.0]",3479
subgroup_history_bin_9,student,Brier,-0.0019267033061830807,-0.003225607825088985,-0.0006038543954739325,5000,5000,0,4987,13,0.005598880223955209,"min(1, 2*(min(count<=0,count>=0)+1)/(B_valid+1))",0.0003999200159968006,conditional on fixed fitted predictions; seed variability separate,paired cluster multiplicity weights,0.17670045955086275,0.193435929276378,0.17853065789812353,0.19546619790745579,history_bin,"(4.0, 9.0]",3479
subgroup_history_bin_9,student,ECE15,-0.0010400655648532021,-0.01577831096987802,0.010014365393952559,5000,5000,0,3044,1956,0.7826434713057389,"min(1, 2*(min(count<=0,count>=0)+1)/(B_valid+1))",0.0003999200159968006,conditional on fixed fitted predictions; seed variability separate,paired cluster multiplicity weights,0.01631344101464348,0.03930593413514256,0.01879313252660242,0.04111739182315474,history_bin,"(4.0, 9.0]",3479
subgroup_history_bin_10,student,ROC_AUC,0.00342846035503519,0.0026259877331723303,0.004218201865003465,5000,5000,0,0,5000,0.0003999200159968006,"min(1, 2*(min(count<=0,count>=0)+1)/(B_valid+1))",0.0003999200159968006,conditional on fixed fitted predictions; seed variability separate,paired cluster multiplicity weights,0.7632752294324363,0.7845900021600325,0.7595957358960463,0.7814416274386522,history_bin,"(49.0, inf]",99180
subgroup_history_bin_10,student,Log_Loss,-0.0026935109137256052,-0.003354513162256931,-0.001995464640788938,5000,5000,0,5000,0,0.0003999200159968006,"min(1, 2*(min(count<=0,count>=0)+1)/(B_valid+1))",0.0003999200159968006,conditional on fixed fitted predictions; seed variability separate,paired cluster multiplicity weights,0.5260356021285514,0.5535417813565293,0.5286119237492594,0.5563918385667422,history_bin,"(49.0, inf]",99180
subgroup_history_bin_10,student,Brier,-0.0012106264220594631,-0.001486556112697278,-0.0009246770305720485,5000,5000,0,5000,0,0.0003999200159968006,"min(1, 2*(min(count<=0,count>=0)+1)/(B_valid+1))",0.0003999200159968006,conditional on fixed fitted predictions; seed variability separate,paired cluster multiplicity weights,0.17748792151807274,0.18822924206484873,0.178604436342909,0.1894215482354241,history_bin,"(49.0, inf]",99180
subgroup_history_bin_10,student,ECE15,0.00022846871411198472,-0.0019525954516632668,0.0025525126903276625,5000,5000,0,1919,3081,0.7678464307138573,"min(1, 2*(min(count<=0,count>=0)+1)/(B_valid+1))",0.0003999200159968006,conditional on fixed fitted predictions; seed variability separate,paired cluster multiplicity weights,0.004894502297440902,0.010334317782028432,0.004542233803517799,0.009796023918956334,history_bin,"(49.0, inf]",99180
subgroup_history_bin_11,student,ROC_AUC,0.006769195282284701,0.0037023141463465637,0.009739817720069623,5000,5000,0,0,5000,0.0003999200159968006,"min(1, 2*(min(count<=0,count>=0)+1)/(B_valid+1))",0.0003999200159968006,conditional on fixed fitted predictions; seed variability separate,paired cluster multiplicity weights,0.7260159140194621,0.7560220317731402,0.7187819818903652,0.7494544495330258,history_bin,"(9.0, 19.0]",7999
subgroup_history_bin_11,student,Log_Loss,-0.004346510292095207,-0.006382730357346472,-0.0022350744786103862,5000,5000,0,5000,0,0.0003999200159968006,"min(1, 2*(min(count<=0,count>=0)+1)/(B_valid+1))",0.0003999200159968006,conditional on fixed fitted predictions; seed variability separate,paired cluster multiplicity weights,0.5342134803328984,0.5652249569469715,0.538331555401954,0.569619341975532,history_bin,"(9.0, 19.0]",7999
subgroup_history_bin_11,student,Brier,-0.001829699820684455,-0.0026988929449617304,-0.000932816182931727,5000,5000,0,5000,0,0.0003999200159968006,"min(1, 2*(min(count<=0,count>=0)+1)/(B_valid+1))",0.0003999200159968006,conditional on fixed fitted predictions; seed variability separate,paired cluster multiplicity weights,0.17925429200298584,0.19240418773005002,0.1809690327147757,0.19421027742967248,history_bin,"(9.0, 19.0]",7999
subgroup_history_bin_11,student,ECE15,0.0035793422312244833,-0.006076958663234411,0.010651793617194568,5000,5000,0,1306,3694,0.5226954609078185,"min(1, 2*(min(count<=0,count>=0)+1)/(B_valid+1))",0.0003999200159968006,conditional on fixed fitted predictions; seed variability separate,paired cluster multiplicity weights,0.013770416950044632,0.030031516949461105,0.011415118738408657,0.027337667056142816,history_bin,"(9.0, 19.0]",7999
subgroup_route_12,student,ROC_AUC,-0.016063233044365077,-0.033570895386933156,0.0003240456869488622,5000,5000,0,4871,139,0.05598880223955209,"min(1, 2*(min(count<=0,count>=0)+1)/(B_valid+1))",0.0003999200159968006,conditional on fixed fitted predictions; seed variability separate,paired cluster multiplicity weights,0.6936616448191965,0.8716460184818295,0.7144720664365832,0.8837832863137646,route,parent,127
subgroup_route_12,student,Log_Loss,0.00755952159632467,-0.0006480009487911706,0.016913311628699048,5000,5000,0,191,4809,0.07678464307138572,"min(1, 2*(min(count<=0,count>=0)+1)/(B_valid+1))",0.0003999200159968006,conditional on fixed fitted predictions; seed variability separate,paired cluster multiplicity weights,0.49589147793130334,0.6821581094828922,0.48982020917131364,0.6720182182687837,route,parent,127
subgroup_route_12,student,Brier,0.003156688595010254,-0.0005241984802535398,0.00725061444676338,5000,5000,0,260,4740,0.10437912417516497,"min(1, 2*(min(count<=0,count>=0)+1)/(B_valid+1))",0.0003999200159968006,conditional on fixed fitted predictions; seed variability separate,paired cluster multiplicity weights,0.16850146190820256,0.2468095671881285,0.16653287649514414,0.24290905782694852,route,parent,127
subgroup_route_12,student,ECE15,-0.008337436475060606,-0.043387027088405715,0.024644346311734542,5000,5000,0,3635,1365,0.5462907418516296,"min(1, 2*(min(count<=0,count>=0)+1)/(B_valid+1))",0.0003999200159968006,conditional on fixed fitted predictions; seed variability separate,paired cluster multiplicity weights,0.13143964927164584,0.25884522118413,0.13993083299406192,0.26954175432439453,route,parent,127
subgroup_route_13,student,ROC_AUC,0.005863033943159568,0.0050079299316532514,0.00675136994695712,5000,5000,0,0,5000,0.0003999200159968006,"min(1, 2*(min(count<=0,count>=0)+1)/(B_valid+1))",0.0003999200159968006,conditional on fixed fitted predictions; seed variability separate,paired cluster multiplicity weights,0.7590729486611503,0.7755724428926907,0.7528977295843055,0.7700089022722103,route,question,102564
subgroup_route_13,student,Log_Loss,-0.004605340314245421,-0.005351169906813219,-0.0038962725707585247,5000,5000,0,5000,0,0.0003999200159968006,"min(1, 2*(min(count<=0,count>=0)+1)/(B_valid+1))",0.0003999200159968006,conditional on fixed fitted predictions; seed variability separate,paired cluster multiplicity weights,0.5362254385095047,0.5573842326673462,0.5406997475688836,0.5621603802061117,route,question,102564
subgroup_route_13,student,Brier,-0.0019451707933524354,-0.0022353453698384465,-0.0016571994299395096,5000,5000,0,5000,0,0.0003999200159968006,"min(1, 2*(min(count<=0,count>=0)+1)/(B_valid+1))",0.0003999200159968006,conditional on fixed fitted predictions; seed variability separate,paired cluster multiplicity weights,0.1811339118485089,0.18948397879922257,0.18301758071829394,0.19147213237274985,route,question,102564
subgroup_route_13,student,ECE15,0.0032538183540924016,4.128652400751395e-05,0.005097468731863405,5000,5000,0,113,4887,0.04559088182363527,"min(1, 2*(min(count<=0,count>=0)+1)/(B_valid+1))",0.0003999200159968006,conditional on fixed fitted predictions; seed variability separate,paired cluster multiplicity weights,0.00782034902666687,0.013107141631649824,0.005297653978440515,0.010234751056955068,route,question,102564
subgroup_route_14,student,ROC_AUC,-0.00041797648783314933,-0.0013113089555201241,0.0004537036893380995,5000,5000,0,4146,854,0.34193161367726455,"min(1, 2*(min(count<=0,count>=0)+1)/(B_valid+1))",0.0003999200159968006,conditional on fixed fitted predictions; seed variability separate,paired cluster multiplicity weights,0.7400997430380729,0.7645387407895845,0.7404867663026437,0.7648929743651356,route,subject,40790
subgroup_route_14,student,Log_Loss,0.0003577104379316465,-0.00031478145617849784,0.0010229653239205159,5000,5000,0,713,4287,0.2855428914217157,"min(1, 2*(min(count<=0,count>=0)+1)/(B_valid+1))",0.0003999200159968006,conditional on fixed fitted predictions; seed variability separate,paired cluster multiplicity weights,0.522778715353997,0.5532894663675957,0.5224007890078348,0.553063438923804,route,subject,40790
subgroup_route_14,student,Brier,5.3857799931389394e-05,-0.00020283108413396284,0.00031727453515203107,5000,5000,0,1664,3336,0.6658668266346731,"min(1, 2*(min(count<=0,count>=0)+1)/(B_valid+1))",0.0003999200159968006,conditional on fixed fitted predictions; seed variability separate,paired cluster multiplicity weights,0.1756624258170157,0.18766816416466445,0.17559356599486883,0.1876133889028619,route,subject,40790
subgroup_route_14,student,ECE15,-0.0003101098416833257,-0.0038406417943483585,0.0029749780865675254,5000,5000,0,2840,2160,0.8642271545690862,"min(1, 2*(min(count<=0,count>=0)+1)/(B_valid+1))",0.0003999200159968006,conditional on fixed fitted predictions; seed variability separate,paired cluster multiplicity weights,0.0054001008361305,0.012374424083431312,0.00584137391378452,0.012697987144281518,route,subject,40790
subgroup_support_bin_15,student,ROC_AUC,0.003468069484637737,0.0026791137290861217,0.004268450611610031,5000,5000,0,0,5000,0.0003999200159968006,"min(1, 2*(min(count<=0,count>=0)+1)/(B_valid+1))",0.0003999200159968006,conditional on fixed fitted predictions; seed variability separate,paired cluster multiplicity weights,0.7554928769118165,0.7727460632215285,0.7518723154213833,0.7694128482270144,support_bin,"(0.0, 4.0]",64877
subgroup_support_bin_15,student,Log_Loss,-0.002736207761586562,-0.00342186792178861,-0.0020379190668651237,5000,5000,0,5000,0,0.0003999200159968006,"min(1, 2*(min(count<=0,count>=0)+1)/(B_valid+1))",0.0003999200159968006,conditional on fixed fitted predictions; seed variability separate,paired cluster multiplicity weights,0.5375198410010532,0.5591130661297512,0.5400541054754383,0.5620147275067165,support_bin,"(0.0, 4.0]",64877
subgroup_support_bin_15,student,Brier,-0.0011327744802658857,-0.0013986717043378122,-0.000858128152614035,5000,5000,0,5000,0,0.0003999200159968006,"min(1, 2*(min(count<=0,count>=0)+1)/(B_valid+1))",0.0003999200159968006,conditional on fixed fitted predictions; seed variability separate,paired cluster multiplicity weights,0.18162411384179955,0.1902688465192957,0.1826884346972714,0.19142582074890513,support_bin,"(0.0, 4.0]",64877
subgroup_support_bin_15,student,ECE15,0.0022556073290815838,-0.0006002921376866093,0.004190724347674859,5000,5000,0,332,4668,0.1331733653269346,"min(1, 2*(min(count<=0,count>=0)+1)/(B_valid+1))",0.0003999200159968006,conditional on fixed fitted predictions; seed variability separate,paired cluster multiplicity weights,0.007319446231630152,0.013687459962131287,0.005593126527589171,0.011642052984966641,support_bin,"(0.0, 4.0]",64877
subgroup_support_bin_16,student,ROC_AUC,0.006667143197522041,0.0022582002679112922,0.011384337277409689,5000,5000,0,11,4989,0.004799040191961607,"min(1, 2*(min(count<=0,count>=0)+1)/(B_valid+1))",0.0003999200159968006,conditional on fixed fitted predictions; seed variability separate,paired cluster multiplicity weights,0.7312334987099367,0.7738823059613169,0.7239871918820211,0.7677891936168424,support_bin,"(19.0, 49.0]",3649
subgroup_support_bin_16,student,Log_Loss,-0.004677940272530434,-0.008345759173035119,-0.0010183625533970915,5000,5000,0,4963,37,0.015196960607878424,"min(1, 2*(min(count<=0,count>=0)+1)/(B_valid+1))",0.0003999200159968006,conditional on fixed fitted predictions; seed variability separate,paired cluster multiplicity weights,0.54368122963642,0.5894339224216643,0.547634427018651,0.5945428897549202,support_bin,"(19.0, 49.0]",3649
subgroup_support_bin_16,student,Brier,-0.0021675116668986583,-0.0037010407793496964,-0.0006402357743897782,5000,5000,0,4988,12,0.005198960207958408,"min(1, 2*(min(count<=0,count>=0)+1)/(B_valid+1))",0.0003999200159968006,conditional on fixed fitted predictions; seed variability separate,paired cluster multiplicity weights,0.18450217957794685,0.20298583631094208,0.18652046561599675,0.20541718676906537,support_bin,"(19.0, 49.0]",3649
subgroup_support_bin_16,student,ECE15,-0.0012099690958935622,-0.013591461277805842,0.01096318307129665,5000,5000,0,2983,2017,0.8070385922815437,"min(1, 2*(min(count<=0,count>=0)+1)/(B_valid+1))",0.0003999200159968006,conditional on fixed fitted predictions; seed variability separate,paired cluster multiplicity weights,0.019761749746326846,0.0437733407410401,0.020735765183912586,0.0450761969064086,support_bin,"(19.0, 49.0]",3649
subgroup_support_bin_17,student,ROC_AUC,0.00827281343794728,0.0065400598529436055,0.010035189391587915,5000,5000,0,0,5000,0.0003999200159968006,"min(1, 2*(min(count<=0,count>=0)+1)/(B_valid+1))",0.0003999200159968006,conditional on fixed fitted predictions; seed variability separate,paired cluster multiplicity weights,0.7602423817934624,0.7822292160060573,0.7513791246576992,0.7746439626677626,support_bin,"(4.0, 9.0]",26236
subgroup_support_bin_17,student,Log_Loss,-0.00644216961986166,-0.007868700331240985,-0.005016380790447994,5000,5000,0,5000,0,0.0003999200159968006,"min(1, 2*(min(count<=0,count>=0)+1)/(B_valid+1))",0.0003999200159968006,conditional on fixed fitted predictions; seed variability separate,paired cluster multiplicity weights,0.5295939900588437,0.5569190558610576,0.535592362934701,0.5636628310019923,support_bin,"(4.0, 9.0]",26236
subgroup_support_bin_17,student,Brier,-0.002821273962790971,-0.003405549853194141,-0.0022359564815633897,5000,5000,0,5000,0,0.0003999200159968006,"min(1, 2*(min(count<=0,count>=0)+1)/(B_valid+1))",0.0003999200159968006,conditional on fixed fitted predictions; seed variability separate,paired cluster multiplicity weights,0.1785631487445784,0.18934789000576271,0.18125588220962274,0.19224813725096168,support_bin,"(4.0, 9.0]",26236
subgroup_support_bin_17,student,ECE15,0.0034303738757525673,-0.0028500304234839297,0.006901897323122019,5000,5000,0,958,4042,0.3835232953409318,"min(1, 2*(min(count<=0,count>=0)+1)/(B_valid+1))",0.0003999200159968006,conditional on fixed fitted predictions; seed variability separate,paired cluster multiplicity weights,0.008185187419613141,0.01689563374248127,0.00635215713244068,0.014239292053002804,support_bin,"(4.0, 9.0]",26236
subgroup_support_bin_18,student,ROC_AUC,-0.0005367437724218549,-0.0014701420858448915,0.000403741616906425,5000,5000,0,4350,650,0.26034793041391724,"min(1, 2*(min(count<=0,count>=0)+1)/(B_valid+1))",0.0003999200159968006,conditional on fixed fitted predictions; seed variability separate,paired cluster multiplicity weights,0.738017712431997,0.7641984471960128,0.738567061069701,0.7645203947417621,support_bin,"(49.0, inf]",37036
subgroup_support_bin_18,student,Log_Loss,0.0004474804760702389,-0.0002451054929238444,0.0011635222127605411,5000,5000,0,528,4472,0.21155768846230755,"min(1, 2*(min(count<=0,count>=0)+1)/(B_valid+1))",0.0003999200159968006,conditional on fixed fitted predictions; seed variability separate,paired cluster multiplicity weights,0.5223098027403255,0.5539101340365216,0.521843093350873,0.5535302937018418,support_bin,"(49.0, inf]",37036
subgroup_support_bin_18,student,Brier,8.764581096609714e-05,-0.00019064958419605995,0.00037129752131444043,5000,5000,0,1396,3604,0.5586882623475304,"min(1, 2*(min(count<=0,count>=0)+1)/(B_valid+1))",0.0003999200159968006,conditional on fixed fitted predictions; seed variability separate,paired cluster multiplicity weights,0.1755257966979012,0.1879140159406512,0.17545058448219042,0.18780891128811722,support_bin,"(49.0, inf]",37036
subgroup_support_bin_18,student,ECE15,0.00016777467352088044,-0.0035112405003141257,0.00336770057736044,5000,5000,0,2358,2642,0.9434113177364527,"min(1, 2*(min(count<=0,count>=0)+1)/(B_valid+1))",0.0003999200159968006,conditional on fixed fitted predictions; seed variability separate,paired cluster multiplicity weights,0.00658708156170526,0.014223164965799156,0.006545569399596436,0.01409720696647908,support_bin,"(49.0, inf]",37036
subgroup_support_bin_19,student,ROC_AUC,0.011731279260682737,0.008943522966730243,0.014692261872344884,5000,5000,0,0,5000,0.0003999200159968006,"min(1, 2*(min(count<=0,count>=0)+1)/(B_valid+1))",0.0003999200159968006,conditional on fixed fitted predictions; seed variability separate,paired cluster multiplicity weights,0.7625461748199752,0.7891333377021235,0.7500157445987718,0.7780885646236466,support_bin,"(9.0, 19.0]",11683
subgroup_support_bin_19,student,Log_Loss,-0.009394883655437503,-0.011585918062456266,-0.007124069086481427,5000,5000,0,5000,0,0.0003999200159968006,"min(1, 2*(min(count<=0,count>=0)+1)/(B_valid+1))",0.0003999200159968006,conditional on fixed fitted predictions; seed variability separate,paired cluster multiplicity weights,0.5165500227190812,0.5523050473166806,0.5255827007612172,0.5621035074535824,support_bin,"(9.0, 19.0]",11683
subgroup_support_bin_19,student,Brier,-0.00382894673263251,-0.004755682297737497,-0.0028820507048311975,5000,5000,0,5000,0,0.0003999200159968006,"min(1, 2*(min(count<=0,count>=0)+1)/(B_valid+1))",0.0003999200159968006,conditional on fixed fitted predictions; seed variability separate,paired cluster multiplicity weights,0.17307547158949216,0.1871956840777278,0.1767111229123426,0.19121994261126954,support_bin,"(9.0, 19.0]",11683
subgroup_support_bin_19,student,ECE15,0.007483107997284806,-0.003243901630712794,0.012048384182478009,5000,5000,0,619,4381,0.2479504099180164,"min(1, 2*(min(count<=0,count>=0)+1)/(B_valid+1))",0.0003999200159968006,conditional on fixed fitted predictions; seed variability separate,paired cluster multiplicity weights,0.013780894265944827,0.02771182706600771,0.010238064005832218,0.02233766491175332,support_bin,"(9.0, 19.0]",11683
subgroup_known_initial_prefix_question_20,student,ROC_AUC,0.002293456810426364,-0.0003900847354102399,0.005038723205480504,5000,5000,0,249,4751,0.09998000399920016,"min(1, 2*(min(count<=0,count>=0)+1)/(B_valid+1))",0.0003999200159968006,conditional on fixed fitted predictions; seed variability separate,paired cluster multiplicity weights,0.6695995849486626,0.7129915063843638,0.6673310861385957,0.7105462433406112,known_initial_prefix_question,False,7071
subgroup_known_initial_prefix_question_20,student,Log_Loss,-0.001671449921482715,-0.003060575855805417,-0.0003033944816004415,5000,5000,0,4952,48,0.019596080783843232,"min(1, 2*(min(count<=0,count>=0)+1)/(B_valid+1))",0.0003999200159968006,conditional on fixed fitted predictions; seed variability separate,paired cluster multiplicity weights,0.5088637924679094,0.5559401016848897,0.5104837531296426,0.557769878095208,known_initial_prefix_question,False,7071
subgroup_known_initial_prefix_question_20,student,Brier,-0.0006419418966611135,-0.0011935271818483667,-9.527789651211956e-05,5000,5000,0,4944,56,0.022795440911817635,"min(1, 2*(min(count<=0,count>=0)+1)/(B_valid+1))",0.0003999200159968006,conditional on fixed fitted predictions; seed variability separate,paired cluster multiplicity weights,0.168173346007664,0.18767428719106363,0.1687455027725065,0.1883447612186667,known_initial_prefix_question,False,7071
subgroup_known_initial_prefix_question_20,student,ECE15,0.0008126525223903537,-0.005838791634499808,0.005890081750789586,5000,5000,0,2618,2382,0.9530093981203759,"min(1, 2*(min(count<=0,count>=0)+1)/(B_valid+1))",0.0003999200159968006,conditional on fixed fitted predictions; seed variability separate,paired cluster multiplicity weights,0.0157278909816018,0.0336773460845515,0.01588034347799618,0.033130795048541266,known_initial_prefix_question,False,7071
subgroup_known_initial_prefix_question_21,student,ROC_AUC,0.004260352295633818,0.0035792165074199967,0.00498467829673837,5000,5000,0,0,5000,0.0003999200159968006,"min(1, 2*(min(count<=0,count>=0)+1)/(B_valid+1))",0.0003999200159968006,conditional on fixed fitted predictions; seed variability separate,paired cluster multiplicity weights,0.757377882637054,0.7740271973251107,0.7529330956229139,0.769901804593612,known_initial_prefix_question,True,136494
subgroup_known_initial_prefix_question_21,student,Log_Loss,-0.003265934073131138,-0.0038717891569411632,-0.0026904979376681988,5000,5000,0,5000,0,0.0003999200159968006,"min(1, 2*(min(count<=0,count>=0)+1)/(B_valid+1))",0.0003999200159968006,conditional on fixed fitted predictions; seed variability separate,paired cluster multiplicity weights,0.5337694929554246,0.5557320251132793,0.5368628567808448,0.5590784220714166,known_initial_prefix_question,True,136494
subgroup_known_initial_prefix_question_21,student,Brier,-0.0014115828558436405,-0.0016495692839316428,-0.0011790921579843225,5000,5000,0,5000,0,0.0003999200159968006,"min(1, 2*(min(count<=0,count>=0)+1)/(B_valid+1))",0.0003999200159968006,conditional on fixed fitted predictions; seed variability separate,paired cluster multiplicity weights,0.18017680380611345,0.18888340542886614,0.18155214532695083,0.1903528682671916,known_initial_prefix_question,True,136494
subgroup_known_initial_prefix_question_21,student,ECE15,0.0018321385816033563,-0.0007402964067223747,0.0035857417701825323,5000,5000,0,449,4551,0.1799640071985603,"min(1, 2*(min(count<=0,count>=0)+1)/(B_valid+1))",0.0003999200159968006,conditional on fixed fitted predictions; seed variability separate,paired cluster multiplicity weights,0.0062061929039669604,0.010837683428280865,0.004736953910462823,0.009188486932957493,known_initial_prefix_question,True,136494
subgroup_known_initial_prefix_student_22,student,ROC_AUC,0.005013205737160686,0.0038172669980072156,0.0062112229330920435,5000,5000,0,0,5000,0.0003999200159968006,"min(1, 2*(min(count<=0,count>=0)+1)/(B_valid+1))",0.0003999200159968006,conditional on fixed fitted predictions; seed variability separate,paired cluster multiplicity weights,0.7434671189850925,0.7683711954887436,0.7379814755361995,0.7635525101581415,known_initial_prefix_student,False,55792
subgroup_known_initial_prefix_student_22,student,Log_Loss,-0.0035362371649677593,-0.00438631509247045,-0.002659061157561868,5000,5000,0,5000,0,0.0003999200159968006,"min(1, 2*(min(count<=0,count>=0)+1)/(B_valid+1))",0.0003999200159968006,conditional on fixed fitted predictions; seed variability separate,paired cluster multiplicity weights,0.5254616027560546,0.5583566787603531,0.5287703264932556,0.5621218873383401,known_initial_prefix_student,False,55792
subgroup_known_initial_prefix_student_22,student,Brier,-0.0015000425152904284,-0.001853078319247993,-0.001131688888535746,5000,5000,0,5000,0,0.0003999200159968006,"min(1, 2*(min(count<=0,count>=0)+1)/(B_valid+1))",0.0003999200159968006,conditional on fixed fitted predictions; seed variability separate,paired cluster multiplicity weights,0.17684425079778981,0.18979060709415005,0.1782642308475521,0.19131005798693151,known_initial_prefix_student,False,55792
subgroup_known_initial_prefix_student_22,student,ECE15,0.002618519128393523,-0.001127045173454399,0.004913824816877228,5000,5000,0,496,4504,0.19876024795040992,"min(1, 2*(min(count<=0,count>=0)+1)/(B_valid+1))",0.0003999200159968006,conditional on fixed fitted predictions; seed variability separate,paired cluster multiplicity weights,0.007938042004082754,0.014297917958926983,0.006172782957619416,0.012118824163415259,known_initial_prefix_student,False,55792
subgroup_known_initial_prefix_student_23,student,ROC_AUC,0.0037475985410658774,0.0029580910884244166,0.00464106315089452,5000,5000,0,0,5000,0.0003999200159968006,"min(1, 2*(min(count<=0,count>=0)+1)/(B_valid+1))",0.0003999200159968006,conditional on fixed fitted predictions; seed variability separate,paired cluster multiplicity weights,0.7566029589570911,0.7785040914817586,0.7526096626155192,0.7749805380661459,known_initial_prefix_student,True,87773
subgroup_known_initial_prefix_student_23,student,Log_Loss,-0.0029656669347355447,-0.0037148981011031756,-0.0022432490479013566,5000,5000,0,5000,0,0.0003999200159968006,"min(1, 2*(min(count<=0,count>=0)+1)/(B_valid+1))",0.0003999200159968006,conditional on fixed fitted predictions; seed variability separate,paired cluster multiplicity weights,0.5319295756218698,0.5596597915970888,0.5347552018239058,0.562974102731326,known_initial_prefix_student,True,87773
subgroup_known_initial_prefix_student_23,student,Brier,-0.001293352049775015,-0.00159737626791576,-0.0010122317194438916,5000,5000,0,5000,0,0.0003999200159968006,"min(1, 2*(min(count<=0,count>=0)+1)/(B_valid+1))",0.0003999200159968006,conditional on fixed fitted predictions; seed variability separate,paired cluster multiplicity weights,0.1793981849574452,0.19029423536114545,0.1806301108881472,0.19169622371294992,known_initial_prefix_student,True,87773
subgroup_known_initial_prefix_student_23,student,ECE15,0.0004059780625535513,-0.002164027390038246,0.0030159464631655344,5000,5000,0,1756,3244,0.7026594681063787,"min(1, 2*(min(count<=0,count>=0)+1)/(B_valid+1))",0.0003999200159968006,conditional on fixed fitted predictions; seed variability separate,paired cluster multiplicity weights,0.004285838958861552,0.009721303317138946,0.0038870120125127864,0.008975331847087141,known_initial_prefix_student,True,87773
subgroup_known_outer_fit_question_24,student,ROC_AUC,0.0005209435962238995,-0.0023550509192306474,0.0032493727774105335,5000,5000,0,1803,3197,0.7214557088582284,"min(1, 2*(min(count<=0,count>=0)+1)/(B_valid+1))",0.0003999200159968006,conditional on fixed fitted predictions; seed variability separate,paired cluster multiplicity weights,0.6789872402345991,0.727527790163758,0.6785179729140842,0.7266207543891363,known_outer_fit_question,False,5327
subgroup_known_outer_fit_question_24,student,Log_Loss,-0.0005015693982053371,-0.0020826025832521465,0.0010879058411659092,5000,5000,0,3635,1365,0.5462907418516296,"min(1, 2*(min(count<=0,count>=0)+1)/(B_valid+1))",0.0003999200159968006,conditional on fixed fitted predictions; seed variability separate,paired cluster multiplicity weights,0.49487428605167577,0.5499517613994683,0.4956133896827754,0.5505971361979365,known_outer_fit_question,False,5327
subgroup_known_outer_fit_question_24,student,Brier,-0.00014498462077974783,-0.000768104758897236,0.0004992792529657657,5000,5000,0,3331,1669,0.667866426714657,"min(1, 2*(min(count<=0,count>=0)+1)/(B_valid+1))",0.0003999200159968006,conditional on fixed fitted predictions; seed variability separate,paired cluster multiplicity weights,0.1625227480469416,0.18517641471524152,0.16268182041415927,0.1853766896804459,known_outer_fit_question,False,5327
subgroup_known_outer_fit_question_24,student,ECE15,-0.0034690849706323183,-0.010399718432266235,0.004145697137736752,5000,5000,0,3905,1095,0.4383123375324935,"min(1, 2*(min(count<=0,count>=0)+1)/(B_valid+1))",0.0003999200159968006,conditional on fixed fitted predictions; seed variability separate,paired cluster multiplicity weights,0.01794449242128172,0.03862430555383632,0.020556391670093974,0.04110765483495378,known_outer_fit_question,False,5327
subgroup_known_outer_fit_question_25,student,ROC_AUC,0.004301278424173827,0.0036307560754862437,0.005023436582117979,5000,5000,0,0,5000,0.0003999200159968006,"min(1, 2*(min(count<=0,count>=0)+1)/(B_valid+1))",0.0003999200159968006,conditional on fixed fitted predictions; seed variability separate,paired cluster multiplicity weights,0.7565041593691066,0.7731513869040048,0.752087150845076,0.7689310167551814,known_outer_fit_question,True,138238
subgroup_known_outer_fit_question_25,student,Log_Loss,-0.003290899518134771,-0.00389195506774776,-0.002729252433065372,5000,5000,0,5000,0,0.0003999200159968006,"min(1, 2*(min(count<=0,count>=0)+1)/(B_valid+1))",0.0003999200159968006,conditional on fixed fitted predictions; seed variability separate,paired cluster multiplicity weights,0.5340229555995811,0.5558202599070599,0.5371352051055206,0.5592545156233202,known_outer_fit_question,True,138238
subgroup_known_outer_fit_question_25,student,Brier,-0.0014210233684080475,-0.0016549939115652972,-0.0011941234493802835,5000,5000,0,5000,0,0.0003999200159968006,"min(1, 2*(min(count<=0,count>=0)+1)/(B_valid+1))",0.0003999200159968006,conditional on fixed fitted predictions; seed variability separate,paired cluster multiplicity weights,0.1802806378405645,0.18889174200184713,0.18167264969444177,0.19037928570802312,known_outer_fit_question,True,138238
subgroup_known_outer_fit_question_25,student,ECE15,0.001532795016958675,-0.0009590635042541923,0.003362999269028483,5000,5000,0,642,4358,0.2571485702859428,"min(1, 2*(min(count<=0,count>=0)+1)/(B_valid+1))",0.0003999200159968006,conditional on fixed fitted predictions; seed variability separate,paired cluster multiplicity weights,0.005974754729405035,0.010555589463787301,0.004712489615879368,0.009145431564916482,known_outer_fit_question,True,138238
subgroup_known_outer_fit_student_26,student,ROC_AUC,0.006727286401659316,0.005109383267233788,0.008469198513715298,5000,5000,0,0,5000,0.0003999200159968006,"min(1, 2*(min(count<=0,count>=0)+1)/(B_valid+1))",0.0003999200159968006,conditional on fixed fitted predictions; seed variability separate,paired cluster multiplicity weights,0.7333582983812839,0.7572890838433464,0.7260259501908939,0.7509606200674973,known_outer_fit_student,False,28697
subgroup_known_outer_fit_student_26,student,Log_Loss,-0.004387530199379652,-0.005465796033220696,-0.0033338211601917304,5000,5000,0,5000,0,0.0003999200159968006,"min(1, 2*(min(count<=0,count>=0)+1)/(B_valid+1))",0.0003999200159968006,conditional on fixed fitted predictions; seed variability separate,paired cluster multiplicity weights,0.5159861714783601,0.5472258604890995,0.5203215178330265,0.5518438451502239,known_outer_fit_student,False,28697
subgroup_known_outer_fit_student_26,student,Brier,-0.0017015556561369993,-0.0021421469002981574,-0.0012689548770432222,5000,5000,0,5000,0,0.0003999200159968006,"min(1, 2*(min(count<=0,count>=0)+1)/(B_valid+1))",0.0003999200159968006,conditional on fixed fitted predictions; seed variability separate,paired cluster multiplicity weights,0.171670775023721,0.1845877453548067,0.17334239445625305,0.1863561892599092,known_outer_fit_student,False,28697
subgroup_known_outer_fit_student_26,student,ECE15,0.0016070317483830934,-0.003667891245353786,0.005139829651897516,5000,5000,0,1528,3472,0.6114777044591082,"min(1, 2*(min(count<=0,count>=0)+1)/(B_valid+1))",0.0003999200159968006,conditional on fixed fitted predictions; seed variability separate,paired cluster multiplicity weights,0.007582110783199345,0.01661337562233285,0.006920670255671568,0.015136320279836503,known_outer_fit_student,False,28697
subgroup_known_outer_fit_student_27,student,ROC_AUC,0.003753924161856159,0.0030071064685107036,0.00453037509101408,5000,5000,0,0,5000,0.0003999200159968006,"min(1, 2*(min(count<=0,count>=0)+1)/(B_valid+1))",0.0003999200159968006,conditional on fixed fitted predictions; seed variability separate,paired cluster multiplicity weights,0.7566463216298673,0.7758732368022573,0.7526850199991438,0.7723203190959247,known_outer_fit_student,True,114868
subgroup_known_outer_fit_student_27,student,Log_Loss,-0.002887577686038867,-0.0035323164600320174,-0.002238842828600718,5000,5000,0,5000,0,0.0003999200159968006,"min(1, 2*(min(count<=0,count>=0)+1)/(B_valid+1))",0.0003999200159968006,conditional on fixed fitted predictions; seed variability separate,paired cluster multiplicity weights,0.5345429822044657,0.5600210263815025,0.5372929546026898,0.5630548779324034,known_outer_fit_student,True,114868
subgroup_known_outer_fit_student_27,student,Brier,-0.0012917628827267824,-0.0015483159459882747,-0.0010334378826493589,5000,5000,0,5000,0,0.0003999200159968006,"min(1, 2*(min(count<=0,count>=0)+1)/(B_valid+1))",0.0003999200159968006,conditional on fixed fitted predictions; seed variability separate,paired cluster multiplicity weights,0.18081163089251978,0.19074951933354786,0.18198787738113428,0.19211670731326103,known_outer_fit_student,True,114868
subgroup_known_outer_fit_student_27,student,ECE15,0.0007229796168514166,-0.0015467291039565985,0.003221499325955434,5000,5000,0,1182,3818,0.47310537892421517,"min(1, 2*(min(count<=0,count>=0)+1)/(B_valid+1))",0.0003999200159968006,conditional on fixed fitted predictions; seed variability separate,paired cluster multiplicity weights,0.005187437375416734,0.010050057652459053,0.004470646812402973,0.009241154438521334,known_outer_fit_student,True,114868
subgroup_first_response_28,student,ROC_AUC,0.004149464737393527,0.0034645156442164094,0.004874199449576324,5000,5000,0,0,5000,0.0003999200159968006,"min(1, 2*(min(count<=0,count>=0)+1)/(B_valid+1))",0.0003999200159968006,conditional on fixed fitted predictions; seed variability separate,paired cluster multiplicity weights,0.7560656763182599,0.7728754923730421,0.7516321135404862,0.7689768356610677,first_response,False,142600
subgroup_first_response_28,student,Log_Loss,-0.003168236717745798,-0.0037486008490344863,-0.002606708297387682,5000,5000,0,5000,0,0.0003999200159968006,"min(1, 2*(min(count<=0,count>=0)+1)/(B_valid+1))",0.0003999200159968006,conditional on fixed fitted predictions; seed variability separate,paired cluster multiplicity weights,0.5333250531964353,0.5546803150687736,0.5362190660046012,0.5579423623233393,first_response,False,142600
subgroup_first_response_28,student,Brier,-0.0013673835472085283,-0.001604149881851976,-0.001137071354217052,5000,5000,0,5000,0,0.0003999200159968006,"min(1, 2*(min(count<=0,count>=0)+1)/(B_valid+1))",0.0003999200159968006,conditional on fixed fitted predictions; seed variability separate,paired cluster multiplicity weights,0.17990457041846897,0.18830864042251752,0.1812632848406049,0.1897568749973342,first_response,False,142600
subgroup_first_response_28,student,ECE15,0.0015248586526077886,-0.0009151233707116121,0.0034368973441712,5000,5000,0,593,4407,0.2375524895020996,"min(1, 2*(min(count<=0,count>=0)+1)/(B_valid+1))",0.0003999200159968006,conditional on fixed fitted predictions; seed variability separate,paired cluster multiplicity weights,0.005143057262034849,0.009607724076930184,0.004066587036140422,0.008136928678600074,first_response,False,142600
subgroup_first_response_29,student,ROC_AUC,0.03527111574556829,0.005199200720477326,0.06667358696609935,5000,5000,0,67,4933,0.027194561087782444,"min(1, 2*(min(count<=0,count>=0)+1)/(B_valid+1))",0.0003999200159968006,conditional on fixed fitted predictions; seed variability separate,paired cluster multiplicity weights,0.5641412088209856,0.6439583093252558,0.5276428281162503,0.6091936282082296,first_response,True,965
subgroup_first_response_29,student,Log_Loss,-0.006019349037781563,-0.011736413273018342,-0.00046134654234257673,5000,5000,0,4916,84,0.033993201359728054,"min(1, 2*(min(count<=0,count>=0)+1)/(B_valid+1))",0.0003999200159968006,conditional on fixed fitted predictions; seed variability separate,paired cluster multiplicity weights,0.5496302189805102,0.6304904051055984,0.5570988449154138,0.6354947062084648,first_response,True,965
subgroup_first_response_29,student,Brier,-0.0023034897874855687,-0.00456340350891438,-0.0001185142347293299,5000,5000,0,4901,99,0.03999200159968006,"min(1, 2*(min(count<=0,count>=0)+1)/(B_valid+1))",0.0003999200159968006,conditional on fixed fitted predictions; seed variability separate,paired cluster multiplicity weights,0.18251669700816836,0.21914182089288975,0.1852053910018299,0.22129920126228772,first_response,True,965
subgroup_first_response_29,student,ECE15,0.004884512510834976,-0.023502829051811107,0.01937869327775064,5000,5000,0,1858,3142,0.7434513097380524,"min(1, 2*(min(count<=0,count>=0)+1)/(B_valid+1))",0.0003999200159968006,conditional on fixed fitted predictions; seed variability separate,paired cluster multiplicity weights,0.0169237954119749,0.06982040553843205,0.01648470774033163,0.06284052471485906,first_response,True,965
subgroup_first_5_30,student,ROC_AUC,0.004035166660957712,0.0033532854658251373,0.004757648844628912,5000,5000,0,0,5000,0.0003999200159968006,"min(1, 2*(min(count<=0,count>=0)+1)/(B_valid+1))",0.0003999200159968006,conditional on fixed fitted predictions; seed variability separate,paired cluster multiplicity weights,0.7566389518501403,0.7736607475137807,0.7523567713975723,0.7698753358149889,first_5,False,139853
subgroup_first_5_30,student,Log_Loss,-0.0030918193532638583,-0.003679378035141889,-0.002532190166811326,5000,5000,0,5000,0,0.0003999200159968006,"min(1, 2*(min(count<=0,count>=0)+1)/(B_valid+1))",0.0003999200159968006,conditional on fixed fitted predictions; seed variability separate,paired cluster multiplicity weights,0.5329587346829224,0.5546243004301905,0.5358361487662949,0.5578447754331113,first_5,False,139853
subgroup_first_5_30,student,Brier,-0.001336933629464604,-0.001571757839663971,-0.0011075913028674238,5000,5000,0,5000,0,0.0003999200159968006,"min(1, 2*(min(count<=0,count>=0)+1)/(B_valid+1))",0.0003999200159968006,conditional on fixed fitted predictions; seed variability separate,paired cluster multiplicity weights,0.17981091480121644,0.1883582215877688,0.18113338693112535,0.1897492650901651,first_5,False,139853
subgroup_first_5_30,student,ECE15,0.0015797502018022437,-0.0008568871788013611,0.0034671623006670795,5000,5000,0,546,4454,0.21875624875024996,"min(1, 2*(min(count<=0,count>=0)+1)/(B_valid+1))",0.0003999200159968006,conditional on fixed fitted predictions; seed variability separate,paired cluster multiplicity weights,0.005168393278699706,0.009699892893363803,0.00404764074360795,0.0081469374437646,first_5,False,139853
subgroup_first_5_31,student,ROC_AUC,0.014378499989801896,0.006312106967979481,0.022405369579256325,5000,5000,0,2,4998,0.0011997600479904018,"min(1, 2*(min(count<=0,count>=0)+1)/(B_valid+1))",0.0003999200159968006,conditional on fixed fitted predictions; seed variability separate,paired cluster multiplicity weights,0.6668212927127058,0.7087564245901882,0.6516473669369124,0.695149941971035,first_5,True,3712
subgroup_first_5_31,student,Log_Loss,-0.0067885279526249676,-0.010092064718803261,-0.0034328160365011463,5000,5000,0,5000,0,0.0003999200159968006,"min(1, 2*(min(count<=0,count>=0)+1)/(B_valid+1))",0.0003999200159968006,conditional on fixed fitted predictions; seed variability separate,paired cluster multiplicity weights,0.5417717523017411,0.5835886615387869,0.5484280263062536,0.5903327410508895,first_5,True,3712
subgroup_first_5_31,student,Brier,-0.002757969449166786,-0.004100926447864769,-0.001397449310828098,5000,5000,0,5000,0,0.0003999200159968006,"min(1, 2*(min(count<=0,count>=0)+1)/(B_valid+1))",0.0003999200159968006,conditional on fixed fitted predictions; seed variability separate,paired cluster multiplicity weights,0.1806804479404552,0.1991532245183159,0.18334981292995597,0.2020460191134995,first_5,True,3712
subgroup_first_5_31,student,ECE15,0.00039155079880412273,-0.011505935607522565,0.012450659103357376,5000,5000,0,2282,2718,0.9130173965206959,"min(1, 2*(min(count<=0,count>=0)+1)/(B_valid+1))",0.0003999200159968006,conditional on fixed fitted predictions; seed variability separate,paired cluster multiplicity weights,0.012473172669107507,0.03394668482004653,0.012097546013529472,0.0328170855540837,first_5,True,3712
subgroup_primary_subject_id_32,student,ROC_AUC,0.002680693212774643,-0.0026246978003240467,0.008096016032992624,5000,5000,0,812,4188,0.3251349730053989,"min(1, 2*(min(count<=0,count>=0)+1)/(B_valid+1))",0.0003999200159968006,conditional on fixed fitted predictions; seed variability separate,paired cluster multiplicity weights,0.7314769612281103,0.7929018824729533,0.7281684653393815,0.7910909902453694,primary_subject_id,33,2149
subgroup_primary_subject_id_32,student,Log_Loss,-0.0035261468462086665,-0.007845775731138963,0.0007479226652450932,5000,5000,0,4748,252,0.10117976404719056,"min(1, 2*(min(count<=0,count>=0)+1)/(B_valid+1))",0.0003999200159968006,conditional on fixed fitted predictions; seed variability separate,paired cluster multiplicity weights,0.5000762836663927,0.5679635637037624,0.5023651281579011,0.5721789198808188,primary_subject_id,33,2149
subgroup_primary_subject_id_32,student,Brier,-0.0014031521043184059,-0.0032407725091953997,0.00038630851537018796,5000,5000,0,4700,300,0.12037592481503699,"min(1, 2*(min(count<=0,count>=0)+1)/(B_valid+1))",0.0003999200159968006,conditional on fixed fitted predictions; seed variability separate,paired cluster multiplicity weights,0.16655784316597516,0.19422905156138642,0.16772719721331636,0.19597208145878123,primary_subject_id,33,2149
subgroup_primary_subject_id_32,student,ECE15,-1.5522953806544615e-05,-0.01524132714581431,0.01668656004369013,5000,5000,0,2411,2589,0.9646070785842832,"min(1, 2*(min(count<=0,count>=0)+1)/(B_valid+1))",0.0003999200159968006,conditional on fixed fitted predictions; seed variability separate,paired cluster multiplicity weights,0.020562872590298462,0.04865113676658322,0.02017622858369687,0.04897386321349717,primary_subject_id,33,2149
subgroup_primary_subject_id_33,student,ROC_AUC,0.014247646594089391,0.007481004249129711,0.02182187061662973,5000,5000,0,0,5000,0.0003999200159968006,"min(1, 2*(min(count<=0,count>=0)+1)/(B_valid+1))",0.0003999200159968006,conditional on fixed fitted predictions; seed variability separate,paired cluster multiplicity weights,0.7527941214399263,0.819310709862286,0.7371129990900587,0.8059451478627637,primary_subject_id,47,1268
subgroup_primary_subject_id_33,student,Log_Loss,-0.012624114526701313,-0.018325662220084735,-0.007047428592984769,5000,5000,0,5000,0,0.0003999200159968006,"min(1, 2*(min(count<=0,count>=0)+1)/(B_valid+1))",0.0003999200159968006,conditional on fixed fitted predictions; seed variability separate,paired cluster multiplicity weights,0.4956998724391772,0.5698540772072214,0.507124331036503,0.5846209010898482,primary_subject_id,47,1268
subgroup_primary_subject_id_33,student,Brier,-0.004885526962692288,-0.007182610774102307,-0.0026330683672718754,5000,5000,0,5000,0,0.0003999200159968006,"min(1, 2*(min(count<=0,count>=0)+1)/(B_valid+1))",0.0003999200159968006,conditional on fixed fitted predictions; seed variability separate,paired cluster multiplicity weights,0.16339650939467648,0.19417585414870875,0.16767465794391578,0.19958079856577957,primary_subject_id,47,1268
subgroup_primary_subject_id_33,student,ECE15,0.003332314181456131,-0.017856583862014466,0.02413735717323707,5000,5000,0,1848,3152,0.7394521095780844,"min(1, 2*(min(count<=0,count>=0)+1)/(B_valid+1))",0.0003999200159968006,conditional on fixed fitted predictions; seed variability separate,paired cluster multiplicity weights,0.031905512090889786,0.07125000809791535,0.02947846209217048,0.06642910425446795,primary_subject_id,47,1268
subgroup_primary_subject_id_34,student,ROC_AUC,0.0016417057410128555,-0.006158398986919314,0.010042138073520428,5000,5000,0,1750,3250,0.7002599480103979,"min(1, 2*(min(count<=0,count>=0)+1)/(B_valid+1))",0.0003999200159968006,conditional on fixed fitted predictions; seed variability separate,paired cluster multiplicity weights,0.7305916357616287,0.7976233109723898,0.7289015986452764,0.796732852293058,primary_subject_id,50,1262
subgroup_primary_subject_id_34,student,Log_Loss,-0.0014253679654560036,-0.007908005637067195,0.004957435112533373,5000,5000,0,3287,1713,0.6854629074185163,"min(1, 2*(min(count<=0,count>=0)+1)/(B_valid+1))",0.0003999200159968006,conditional on fixed fitted predictions; seed variability separate,paired cluster multiplicity weights,0.4802443959389232,0.5559827467732509,0.4820949127587745,0.5564150163453662,primary_subject_id,50,1262
subgroup_primary_subject_id_34,student,Brier,-0.0005112995197578407,-0.00326979009707965,0.002163545039627014,5000,5000,0,3194,1806,0.7226554689062188,"min(1, 2*(min(count<=0,count>=0)+1)/(B_valid+1))",0.0003999200159968006,conditional on fixed fitted predictions; seed variability separate,paired cluster multiplicity weights,0.1587949486550176,0.18974066898078415,0.15953068956780533,0.18968411161572996,primary_subject_id,50,1262
subgroup_primary_subject_id_34,student,ECE15,0.011090406457418552,-0.017334808560129585,0.023471316819870223,5000,5000,0,1827,3173,0.7310537892421516,"min(1, 2*(min(count<=0,count>=0)+1)/(B_valid+1))",0.0003999200159968006,conditional on fixed fitted predictions; seed variability separate,paired cluster multiplicity weights,0.02641359338147218,0.06120757879662833,0.0237020436681298,0.05830942754232476,primary_subject_id,50,1262
subgroup_primary_subject_id_35,student,ROC_AUC,0.0021494762288476466,-0.003512596826377648,0.008422809507760174,5000,5000,0,1120,3881,0.44831033793241354,"min(1, 2*(min(count<=0,count>=0)+1)/(B_valid+1))",0.0003999200159968006,conditional on fixed fitted predictions; seed variability separate,paired cluster multiplicity weights,0.7400963628681828,0.8226607748113871,0.7371878399125656,0.8202669691714748,primary_subject_id,52,1045
subgroup_primary_subject_id_35,student,Log_Loss,-0.0011326872019999934,-0.006158520061565173,0.003598470472067645,5000,5000,0,3388,1612,0.6450709858028394,"min(1, 2*(min(count<=0,count>=0)+1)/(B_valid+1))",0.0003999200159968006,conditional on fixed fitted predictions; seed variability separate,paired cluster multiplicity weights,0.4794460885739781,0.5734558302943855,0.4798884387059454,0.5740223887009129,primary_subject_id,52,1045
subgroup_primary_subject_id_35,student,Brier,-0.0005491620370526307,-0.00260391348909106,0.0013838039606422791,5000,5000,0,3527,1473,0.5894821035792841,"min(1, 2*(min(count<=0,count>=0)+1)/(B_valid+1))",0.0003999200159968006,conditional on fixed fitted predictions; seed variability separate,paired cluster multiplicity weights,0.157452125671414,0.19464752561368104,0.1581497718332442,0.19508951831405325,primary_subject_id,52,1045
subgroup_primary_subject_id_35,student,ECE15,-0.0019030248357468013,-0.02522379836369758,0.02146863898864395,5000,5000,0,2790,2210,0.8842231553689263,"min(1, 2*(min(count<=0,count>=0)+1)/(B_valid+1))",0.0003999200159968006,conditional on fixed fitted predictions; seed variability separate,paired cluster multiplicity weights,0.031446043485264454,0.07236576699563999,0.032834730394039335,0.07416481617908947,primary_subject_id,52,1045
subgroup_primary_subject_id_36,student,ROC_AUC,-0.003161721978305776,-0.010713691130243045,0.004862410583196218,5000,5000,0,3906,1095,0.4383123375324935,"min(1, 2*(min(count<=0,count>=0)+1)/(B_valid+1))",0.0003999200159968006,conditional on fixed fitted predictions; seed variability separate,paired cluster multiplicity weights,0.6979908992163415,0.7899348272338887,0.7026613168406861,0.7913017064934731,primary_subject_id,63,1056
subgroup_primary_subject_id_36,student,Log_Loss,0.001564067419114079,-0.003192052897381617,0.006112021219772023,5000,5000,0,1275,3725,0.5102979404119176,"min(1, 2*(min(count<=0,count>=0)+1)/(B_valid+1))",0.0003999200159968006,conditional on fixed fitted predictions; seed variability separate,paired cluster multiplicity weights,0.4999526430207996,0.5938227970995248,0.4985226402518454,0.5916853144886025,primary_subject_id,63,1056
subgroup_primary_subject_id_36,student,Brier,0.0006205343557576792,-0.0012733082360437532,0.0024787731701773523,5000,5000,0,1288,3712,0.5154969006198761,"min(1, 2*(min(count<=0,count>=0)+1)/(B_valid+1))",0.0003999200159968006,conditional on fixed fitted predictions; seed variability separate,paired cluster multiplicity weights,0.16647935507636208,0.2050015841966895,0.1659923943240586,0.20405331216045614,primary_subject_id,63,1056
subgroup_primary_subject_id_36,student,ECE15,-0.010097166820714352,-0.027470428302219053,0.014922441914835547,5000,5000,0,3446,1554,0.621875624875025,"min(1, 2*(min(count<=0,count>=0)+1)/(B_valid+1))",0.0003999200159968006,conditional on fixed fitted predictions; seed variability separate,paired cluster multiplicity weights,0.025655946172881382,0.06584706668174525,0.029001671091735827,0.07276422378090266,primary_subject_id,63,1056
subgroup_primary_subject_id_37,student,ROC_AUC,0.006542317686805688,0.003114051264085907,0.010258405814033976,5000,5000,0,1,4999,0.0007998400319936012,"min(1, 2*(min(count<=0,count>=0)+1)/(B_valid+1))",0.0003999200159968006,conditional on fixed fitted predictions; seed variability separate,paired cluster multiplicity weights,0.7503353398342072,0.7955826741948319,0.7428186652783922,0.7897018329479709,primary_subject_id,64,3845
subgroup_primary_subject_id_37,student,Log_Loss,-0.005370528918927864,-0.008239715099053965,-0.002466573546123938,5000,5000,0,5000,0,0.0003999200159968006,"min(1, 2*(min(count<=0,count>=0)+1)/(B_valid+1))",0.0003999200159968006,conditional on fixed fitted predictions; seed variability separate,paired cluster multiplicity weights,0.5253011602031792,0.5726083336714649,0.5303410529992421,0.5784535118100429,primary_subject_id,64,3845
subgroup_primary_subject_id_37,student,Brier,-0.002167433272426439,-0.003385039590604042,-0.0009413773685603349,5000,5000,0,4999,1,0.0007998400319936012,"min(1, 2*(min(count<=0,count>=0)+1)/(B_valid+1))",0.0003999200159968006,conditional on fixed fitted predictions; seed variability separate,paired cluster multiplicity weights,0.17647851870477926,0.19585030926197383,0.17848826450085814,0.1981640543904217,primary_subject_id,64,3845
subgroup_primary_subject_id_37,student,ECE15,0.0033853278642400238,-0.011276731624623185,0.014625943634081555,5000,5000,0,2044,2956,0.8178364327134573,"min(1, 2*(min(count<=0,count>=0)+1)/(B_valid+1))",0.0003999200159968006,conditional on fixed fitted predictions; seed variability separate,paired cluster multiplicity weights,0.019156528327633066,0.04157910950239002,0.01816830142593635,0.04044219223106282,primary_subject_id,64,3845
subgroup_primary_subject_id_38,student,ROC_AUC,0.003694011684518106,-0.0007923586326107484,0.00855326626944727,5000,5000,0,259,4741,0.10397920415916817,"min(1, 2*(min(count<=0,count>=0)+1)/(B_valid+1))",0.0003999200159968006,conditional on fixed fitted predictions; seed variability separate,paired cluster multiplicity weights,0.710809201082242,0.7678605580503559,0.707072985413509,0.7641884857626731,primary_subject_id,67,2239
subgroup_primary_subject_id_38,student,Log_Loss,-0.00432133771802945,-0.008715397058211246,0.0002689501769806583,5000,5000,0,4831,169,0.06798640271945611,"min(1, 2*(min(count<=0,count>=0)+1)/(B_valid+1))",0.0003999200159968006,conditional on fixed fitted predictions; seed variability separate,paired cluster multiplicity weights,0.566599291308742,0.6208936847601002,0.5709739324334087,0.6255970192325346,primary_subject_id,67,2239
subgroup_primary_subject_id_38,student,Brier,-0.0019794841637365557,-0.0037804916254445195,-0.0001259406592454899,5000,5000,0,4913,87,0.03519296140771846,"min(1, 2*(min(count<=0,count>=0)+1)/(B_valid+1))",0.0003999200159968006,conditional on fixed fitted predictions; seed variability separate,paired cluster multiplicity weights,0.19345754244118987,0.21590045626610654,0.19546174010240652,0.2180344792306192,primary_subject_id,67,2239
subgroup_primary_subject_id_38,student,ECE15,-0.010441196104220202,-0.02255098194536276,0.004898218464240517,5000,5000,0,4519,481,0.19276144771045792,"min(1, 2*(min(count<=0,count>=0)+1)/(B_valid+1))",0.0003999200159968006,conditional on fixed fitted predictions; seed variability separate,paired cluster multiplicity weights,0.02829443989157491,0.06193314458227357,0.035248323928874906,0.07197011020522684,primary_subject_id,67,2239
subgroup_primary_subject_id_39,student,ROC_AUC,0.005044195250659689,-0.0012143544494874643,0.011269193311285224,5000,5000,0,310,4690,0.124375124975005,"min(1, 2*(min(count<=0,count>=0)+1)/(B_valid+1))",0.0003999200159968006,conditional on fixed fitted predictions; seed variability separate,paired cluster multiplicity weights,0.6941297399364219,0.7552073853185807,0.6881023424665534,0.7504927515793219,primary_subject_id,70,1758
subgroup_primary_subject_id_39,student,Log_Loss,-0.004356492929601274,-0.009338122274453284,0.0009834464598854405,5000,5000,0,4728,272,0.10917816436712657,"min(1, 2*(min(count<=0,count>=0)+1)/(B_valid+1))",0.0003999200159968006,conditional on fixed fitted predictions; seed variability separate,paired cluster multiplicity weights,0.5735411368569646,0.6316002701831163,0.5765088220239878,0.6371158386751541,primary_subject_id,70,1758
subgroup_primary_subject_id_39,student,Brier,-0.001626574244468021,-0.003693126817966179,0.0005665510828636375,5000,5000,0,4628,372,0.14917016596680663,"min(1, 2*(min(count<=0,count>=0)+1)/(B_valid+1))",0.0003999200159968006,conditional on fixed fitted predictions; seed variability separate,paired cluster multiplicity weights,0.19641464895013605,0.22032839827637515,0.19788624321733314,0.22211419273626776,primary_subject_id,70,1758
subgroup_primary_subject_id_39,student,ECE15,-0.002434311005207579,-0.020178677772136493,0.015947580077665804,5000,5000,0,3023,1977,0.7910417916416717,"min(1, 2*(min(count<=0,count>=0)+1)/(B_valid+1))",0.0003999200159968006,conditional on fixed fitted predictions; seed variability separate,paired cluster multiplicity weights,0.02790453534607369,0.064241977532322,0.030348970293096713,0.06540131058756772,primary_subject_id,70,1758
subgroup_primary_subject_id_40,student,ROC_AUC,-0.002023920148679914,-0.007074839177937489,0.002889576125316992,5000,5000,0,3958,1042,0.41711657668466307,"min(1, 2*(min(count<=0,count>=0)+1)/(B_valid+1))",0.0003999200159968006,conditional on fixed fitted predictions; seed variability separate,paired cluster multiplicity weights,0.6789478560743687,0.7346203328255304,0.681954553364174,0.7367748575721006,primary_subject_id,75,2268
subgroup_primary_subject_id_40,student,Log_Loss,0.0016747167818150777,-0.0018194679165565164,0.005235375348487478,5000,5000,0,875,4125,0.35032993401319734,"min(1, 2*(min(count<=0,count>=0)+1)/(B_valid+1))",0.0003999200159968006,conditional on fixed fitted predictions; seed variability separate,paired cluster multiplicity weights,0.5840082316781697,0.6338531622417584,0.582257555465486,0.6319256550643362,primary_subject_id,75,2268
subgroup_primary_subject_id_40,student,Brier,0.0006444804364557633,-0.0008507989801057409,0.002197550631944339,5000,5000,0,1026,3974,0.4107178564287143,"min(1, 2*(min(count<=0,count>=0)+1)/(B_valid+1))",0.0003999200159968006,conditional on fixed fitted predictions; seed variability separate,paired cluster multiplicity weights,0.2014539316103498,0.22229330441232792,0.20082563107408913,0.22155687981391184,primary_subject_id,75,2268
subgroup_primary_subject_id_40,student,ECE15,4.2316571098585665e-05,-0.017162396262287844,0.01701710254375415,5000,5000,0,2393,2607,0.9574085182963408,"min(1, 2*(min(count<=0,count>=0)+1)/(B_valid+1))",0.0003999200159968006,conditional on fixed fitted predictions; seed variability separate,paired cluster multiplicity weights,0.02381460727871598,0.0543670046464123,0.024678730397734577,0.05337237535740721,primary_subject_id,75,2268
subgroup_primary_subject_id_41,student,ROC_AUC,0.002343248481556426,-0.001752050149730852,0.006877242965477141,5000,5000,0,641,4359,0.25674865026994603,"min(1, 2*(min(count<=0,count>=0)+1)/(B_valid+1))",0.0003999200159968006,conditional on fixed fitted predictions; seed variability separate,paired cluster multiplicity weights,0.74057800040202,0.8030366869194681,0.7374249219107087,0.8012676927736376,primary_subject_id,86,1668
subgroup_primary_subject_id_41,student,Log_Loss,-0.0016628021223555889,-0.005440523175717788,0.002125689593974288,5000,5000,0,4103,897,0.35912817436512695,"min(1, 2*(min(count<=0,count>=0)+1)/(B_valid+1))",0.0003999200159968006,conditional on fixed fitted predictions; seed variability separate,paired cluster multiplicity weights,0.5057209690806491,0.5765010007711502,0.5074458060566206,0.5779458754875211,primary_subject_id,86,1668
subgroup_primary_subject_id_41,student,Brier,-0.0009626088647841091,-0.002658010946667381,0.0007023426484678475,5000,5000,0,4398,602,0.2411517696460708,"min(1, 2*(min(count<=0,count>=0)+1)/(B_valid+1))",0.0003999200159968006,conditional on fixed fitted predictions; seed variability separate,paired cluster multiplicity weights,0.16978717356704906,0.1981658052649896,0.17087626262761565,0.19898447914300893,primary_subject_id,86,1668
subgroup_primary_subject_id_41,student,ECE15,0.005714040138876084,-0.014017512934909573,0.023324694140013306,5000,5000,0,1598,3402,0.6394721055788842,"min(1, 2*(min(count<=0,count>=0)+1)/(B_valid+1))",0.0003999200159968006,conditional on fixed fitted predictions; seed variability separate,paired cluster multiplicity weights,0.024126436347179883,0.05569827781843241,0.020352730093532338,0.050866768335577434,primary_subject_id,86,1668
subgroup_primary_subject_id_42,student,ROC_AUC,0.0030645818575659733,-0.0035828840293987084,0.010175908575057395,5000,5000,0,843,4157,0.3375324935012997,"min(1, 2*(min(count<=0,count>=0)+1)/(B_valid+1))",0.0003999200159968006,conditional on fixed fitted predictions; seed variability separate,paired cluster multiplicity weights,0.7534735482166613,0.8243670821605554,0.7490567315075487,0.8222025618462486,primary_subject_id,89,1246
subgroup_primary_subject_id_42,student,Log_Loss,-0.003052512728817569,-0.008095620146492621,0.002179292074345758,5000,5000,0,4414,586,0.23475304939012198,"min(1, 2*(min(count<=0,count>=0)+1)/(B_valid+1))",0.0003999200159968006,conditional on fixed fitted predictions; seed variability separate,paired cluster multiplicity weights,0.4947913560736035,0.572653566413682,0.4978110404553073,0.5754019425318195,primary_subject_id,89,1246
subgroup_primary_subject_id_42,student,Brier,-0.0007530827160233677,-0.0029395799193730463,0.0014827754483570422,5000,5000,0,3736,1264,0.5058988202359528,"min(1, 2*(min(count<=0,count>=0)+1)/(B_valid+1))",0.0003999200159968006,conditional on fixed fitted predictions; seed variability separate,paired cluster multiplicity weights,0.16306323217541585,0.19628583772433536,0.16375818869545553,0.19709491773063756,primary_subject_id,89,1246
subgroup_primary_subject_id_42,student,ECE15,-0.003867715160515775,-0.01913196085758507,0.02055090919535315,5000,5000,0,2389,2611,0.9558088382323535,"min(1, 2*(min(count<=0,count>=0)+1)/(B_valid+1))",0.0003999200159968006,conditional on fixed fitted predictions; seed variability separate,paired cluster multiplicity weights,0.0316102806048072,0.06676796590590657,0.03057732926234891,0.06774843549534466,primary_subject_id,89,1246
subgroup_primary_subject_id_43,student,ROC_AUC,0.001503107618916033,-0.0037627928245859642,0.006998337902977463,5000,5000,0,1360,3640,0.5442911417716457,"min(1, 2*(min(count<=0,count>=0)+1)/(B_valid+1))",0.0003999200159968006,conditional on fixed fitted predictions; seed variability separate,paired cluster multiplicity weights,0.7206433007393184,0.7809540638558299,0.7191084154417807,0.7797302498853995,primary_subject_id,102,1540
subgroup_primary_subject_id_43,student,Log_Loss,-0.0012553312008865003,-0.005319752605580308,0.002802341256455443,5000,5000,0,3672,1328,0.531493701259748,"min(1, 2*(min(count<=0,count>=0)+1)/(B_valid+1))",0.0003999200159968006,conditional on fixed fitted predictions; seed variability separate,paired cluster multiplicity weights,0.535474821854972,0.5966762638812542,0.5375237875898797,0.5980417291388463,primary_subject_id,102,1540
subgroup_primary_subject_id_43,student,Brier,-0.0004894547301427243,-0.002243332265964349,0.0012675399958840211,5000,5000,0,3585,1415,0.5662867426514697,"min(1, 2*(min(count<=0,count>=0)+1)/(B_valid+1))",0.0003999200159968006,conditional on fixed fitted predictions; seed variability separate,paired cluster multiplicity weights,0.17904234670590044,0.2049634815953986,0.17969985349821313,0.20552922643158,primary_subject_id,102,1540
subgroup_primary_subject_id_43,student,ECE15,0.010982774747613978,-0.009417444681019797,0.0256251689632322,5000,5000,0,869,4131,0.3479304139172166,"min(1, 2*(min(count<=0,count>=0)+1)/(B_valid+1))",0.0003999200159968006,conditional on fixed fitted predictions; seed variability separate,paired cluster multiplicity weights,0.029979171966577248,0.0647607221592849,0.023502534731135886,0.0552003967183782,primary_subject_id,102,1540
subgroup_primary_subject_id_44,student,ROC_AUC,0.0022261069077599283,-0.0045801914734975415,0.009476926254719627,5000,5000,0,1360,3640,0.5442911417716457,"min(1, 2*(min(count<=0,count>=0)+1)/(B_valid+1))",0.0003999200159968006,conditional on fixed fitted predictions; seed variability separate,paired cluster multiplicity weights,0.707616702529777,0.7759472755277217,0.7047314148222857,0.7752361261193172,primary_subject_id,111,1677
subgroup_primary_subject_id_44,student,Log_Loss,-0.0013235787913878916,-0.006208093693881619,0.003590934746688301,5000,5000,0,3475,1525,0.6102779444111178,"min(1, 2*(min(count<=0,count>=0)+1)/(B_valid+1))",0.0003999200159968006,conditional on fixed fitted predictions; seed variability separate,paired cluster multiplicity weights,0.5007834410977452,0.5699704643907105,0.5023369727519625,0.5709011532220016,primary_subject_id,111,1677
subgroup_primary_subject_id_44,student,Brier,-0.0006088633941437049,-0.0026447527684493066,0.0014308965034018292,5000,5000,0,3541,1459,0.5838832233553289,"min(1, 2*(min(count<=0,count>=0)+1)/(B_valid+1))",0.0003999200159968006,conditional on fixed fitted predictions; seed variability separate,paired cluster multiplicity weights,0.1651312935938317,0.19383896891303898,0.16569881069360057,0.19456211640710006,primary_subject_id,111,1677
subgroup_primary_subject_id_44,student,ECE15,-0.0051019184361599315,-0.019999756274890933,0.008534770896174866,5000,5000,0,3904,1096,0.4387122575484903,"min(1, 2*(min(count<=0,count>=0)+1)/(B_valid+1))",0.0003999200159968006,conditional on fixed fitted predictions; seed variability separate,paired cluster multiplicity weights,0.04468279626669029,0.07799630808612168,0.04942848004247262,0.0835658247163917,primary_subject_id,111,1677
subgroup_primary_subject_id_45,student,ROC_AUC,0.006051761043004422,0.000595646933407995,0.01161943118175877,5000,5000,0,69,4931,0.027994401119776045,"min(1, 2*(min(count<=0,count>=0)+1)/(B_valid+1))",0.0003999200159968006,conditional on fixed fitted predictions; seed variability separate,paired cluster multiplicity weights,0.7301236619951312,0.7878060977041796,0.7231764537404755,0.7818607787680311,primary_subject_id,171,1817
subgroup_primary_subject_id_45,student,Log_Loss,-0.004921202623214271,-0.008905869074857612,-0.0008658415958166681,5000,5000,0,4952,48,0.019596080783843232,"min(1, 2*(min(count<=0,count>=0)+1)/(B_valid+1))",0.0003999200159968006,conditional on fixed fitted predictions; seed variability separate,paired cluster multiplicity weights,0.5285274703774067,0.5860509163861469,0.5335258186802104,0.5907205293665021,primary_subject_id,171,1817
subgroup_primary_subject_id_45,student,Brier,-0.0020276270661098716,-0.0036935701585340554,-0.00032097095355099696,5000,5000,0,4941,59,0.02399520095980804,"min(1, 2*(min(count<=0,count>=0)+1)/(B_valid+1))",0.0003999200159968006,conditional on fixed fitted predictions; seed variability separate,paired cluster multiplicity weights,0.17723010118918867,0.2011138703291818,0.17920412452039813,0.20329600006793475,primary_subject_id,171,1817
subgroup_primary_subject_id_45,student,ECE15,-0.003743363726646416,-0.020895864646314315,0.012073304106239939,5000,5000,0,3416,1584,0.633873225354929,"min(1, 2*(min(count<=0,count>=0)+1)/(B_valid+1))",0.0003999200159968006,conditional on fixed fitted predictions; seed variability separate,paired cluster multiplicity weights,0.022211331794375098,0.05082001746341951,0.024874351370144203,0.05690995736459488,primary_subject_id,171,1817
subgroup_primary_subject_id_46,student,ROC_AUC,0.006881512508258969,-0.0011504259341906214,0.015186652751892482,5000,5000,0,227,4773,0.09118176364727054,"min(1, 2*(min(count<=0,count>=0)+1)/(B_valid+1))",0.0003999200159968006,conditional on fixed fitted predictions; seed variability separate,paired cluster multiplicity weights,0.6993056083870731,0.7798805171179426,0.6918972314670138,0.773405234754761,primary_subject_id,182,1227
subgroup_primary_subject_id_46,student,Log_Loss,-0.002427068243603947,-0.00808514356429397,0.0033611785888633386,5000,5000,0,4006,994,0.39792041591681665,"min(1, 2*(min(count<=0,count>=0)+1)/(B_valid+1))",0.0003999200159968006,conditional on fixed fitted predictions; seed variability separate,paired cluster multiplicity weights,0.506015666405762,0.5870079931087123,0.5078087740934054,0.5902958259067279,primary_subject_id,182,1227
subgroup_primary_subject_id_46,student,Brier,-0.001393831605832091,-0.003879375504626064,0.0011780122832653723,5000,5000,0,4328,672,0.26914617076584685,"min(1, 2*(min(count<=0,count>=0)+1)/(B_valid+1))",0.0003999200159968006,conditional on fixed fitted predictions; seed variability separate,paired cluster multiplicity weights,0.1686694076844727,0.20279815157018358,0.1698020113072651,0.2043638930615834,primary_subject_id,182,1227
subgroup_primary_subject_id_46,student,ECE15,-0.010832980220404895,-0.032000258815129766,0.015128908784581615,5000,5000,0,3885,1115,0.44631073785242953,"min(1, 2*(min(count<=0,count>=0)+1)/(B_valid+1))",0.0003999200159968006,conditional on fixed fitted predictions; seed variability separate,paired cluster multiplicity weights,0.029954304430554867,0.06602738624371877,0.037387672604577725,0.0769449043765886,primary_subject_id,182,1227
subgroup_primary_subject_id_47,student,ROC_AUC,-0.0014776184267709658,-0.006683821530001838,0.0037181667166204966,5000,5000,0,3541,1460,0.5842831433713257,"min(1, 2*(min(count<=0,count>=0)+1)/(B_valid+1))",0.0003999200159968006,conditional on fixed fitted predictions; seed variability separate,paired cluster multiplicity weights,0.686968207063608,0.7555678963678957,0.6882165294954805,0.7571033010286965,primary_subject_id,183,1307
subgroup_primary_subject_id_47,student,Log_Loss,0.0030764955582448517,-0.001293639290793122,0.007424388113669168,5000,5000,0,401,4599,0.16076784643071385,"min(1, 2*(min(count<=0,count>=0)+1)/(B_valid+1))",0.0003999200159968006,conditional on fixed fitted predictions; seed variability separate,paired cluster multiplicity weights,0.5725706894235331,0.6376716952491817,0.5694080064525655,0.6339825361057235,primary_subject_id,183,1307
subgroup_primary_subject_id_47,student,Brier,0.0013211242967927361,-0.0004766529508108962,0.003125212053073064,5000,5000,0,375,4625,0.15036992601479704,"min(1, 2*(min(count<=0,count>=0)+1)/(B_valid+1))",0.0003999200159968006,conditional on fixed fitted predictions; seed variability separate,paired cluster multiplicity weights,0.19620681740823664,0.22351211426766673,0.19493778374575121,0.22206756497904068,primary_subject_id,183,1307
subgroup_primary_subject_id_47,student,ECE15,0.00622823748063131,-0.011801402129578784,0.023997270687623008,5000,5000,0,1254,3746,0.5018996200759848,"min(1, 2*(min(count<=0,count>=0)+1)/(B_valid+1))",0.0003999200159968006,conditional on fixed fitted predictions; seed variability separate,paired cluster multiplicity weights,0.04450231462675268,0.08692052097524518,0.040093454110209384,0.0795564316958533,primary_subject_id,183,1307
subgroup_primary_subject_id_48,student,ROC_AUC,0.0006864063069631499,-0.004617722255055623,0.006230549007184055,5000,5000,0,2019,2983,0.8078384323135372,"min(1, 2*(min(count<=0,count>=0)+1)/(B_valid+1))",0.0003999200159968006,conditional on fixed fitted predictions; seed variability separate,paired cluster multiplicity weights,0.7301195316614385,0.8070327063070681,0.7295271810840631,0.8062907039700248,primary_subject_id,195,1260
subgroup_primary_subject_id_48,student,Log_Loss,-0.0007121391281215139,-0.005420503829575563,0.0037293867843039646,5000,5000,0,3067,1933,0.7734453109378124,"min(1, 2*(min(count<=0,count>=0)+1)/(B_valid+1))",0.0003999200159968006,conditional on fixed fitted predictions; seed variability separate,paired cluster multiplicity weights,0.48320605517616627,0.5690983408999918,0.4833076780925219,0.5707093163907384,primary_subject_id,195,1260
subgroup_primary_subject_id_48,student,Brier,-0.0006141397601045762,-0.002622209294337839,0.0012797448870705314,5000,5000,0,3659,1341,0.5366926614677064,"min(1, 2*(min(count<=0,count>=0)+1)/(B_valid+1))",0.0003999200159968006,conditional on fixed fitted predictions; seed variability separate,paired cluster multiplicity weights,0.15949838204605377,0.19494784627393122,0.15996083751789178,0.19589750395736608,primary_subject_id,195,1260
subgroup_primary_subject_id_48,student,ECE15,-0.005236810808493655,-0.022187919218326826,0.019259507467539193,5000,5000,0,2781,2219,0.8878224355128974,"min(1, 2*(min(count<=0,count>=0)+1)/(B_valid+1))",0.0003999200159968006,conditional on fixed fitted predictions; seed variability separate,paired cluster multiplicity weights,0.02668065863711487,0.06100067689528965,0.02708389067179695,0.06495782985659482,primary_subject_id,195,1260
subgroup_primary_subject_id_49,student,ROC_AUC,0.002229048299615788,-0.002741219856011634,0.007371858648472106,5000,5000,0,942,4058,0.377124575084983,"min(1, 2*(min(count<=0,count>=0)+1)/(B_valid+1))",0.0003999200159968006,conditional on fixed fitted predictions; seed variability separate,paired cluster multiplicity weights,0.7310030056486672,0.782554392200791,0.7276991579759928,0.7801508096274886,primary_subject_id,202,3656
subgroup_primary_subject_id_49,student,Log_Loss,-0.0017574091408971704,-0.005028835653349694,0.0015677646888003548,5000,5000,0,4245,755,0.3023395320935813,"min(1, 2*(min(count<=0,count>=0)+1)/(B_valid+1))",0.0003999200159968006,conditional on fixed fitted predictions; seed variability separate,paired cluster multiplicity weights,0.446099730543538,0.5096191623766203,0.44775729034330913,0.5107656259638252,primary_subject_id,202,3656
subgroup_primary_subject_id_49,student,Brier,-0.0007803582786231889,-0.0021258757181086586,0.0005716121918215027,5000,5000,0,4336,664,0.2659468106378724,"min(1, 2*(min(count<=0,count>=0)+1)/(B_valid+1))",0.0003999200159968006,conditional on fixed fitted predictions; seed variability separate,paired cluster multiplicity weights,0.14343789917949215,0.1691667491947055,0.14441331416365338,0.16952513888771978,primary_subject_id,202,3656
subgroup_primary_subject_id_49,student,ECE15,-0.002950337459203742,-0.012335016753270563,0.00638549569313532,5000,5000,0,3875,1125,0.45030993801239755,"min(1, 2*(min(count<=0,count>=0)+1)/(B_valid+1))",0.0003999200159968006,conditional on fixed fitted predictions; seed variability separate,paired cluster multiplicity weights,0.015635291422558213,0.03750186346795508,0.018613554274069216,0.040250941334442986,primary_subject_id,202,3656
subgroup_primary_subject_id_50,student,ROC_AUC,0.0075451987037353785,0.0017512151587998793,0.014500703567077267,5000,5000,0,24,4976,0.009998000399920015,"min(1, 2*(min(count<=0,count>=0)+1)/(B_valid+1))",0.0003999200159968006,conditional on fixed fitted predictions; seed variability separate,paired cluster multiplicity weights,0.7240356151273737,0.800908041943125,0.7136743715782398,0.7944960435960523,primary_subject_id,203,3394
subgroup_primary_subject_id_50,student,Log_Loss,-0.00769989810615529,-0.015495678619864546,-0.0023545843610137183,5000,5000,0,4998,2,0.0011997600479904018,"min(1, 2*(min(count<=0,count>=0)+1)/(B_valid+1))",0.0003999200159968006,conditional on fixed fitted predictions; seed variability separate,paired cluster multiplicity weights,0.4259452886756172,0.5105051833934381,0.4309403903392826,0.5234860923512004,primary_subject_id,203,3394
subgroup_primary_subject_id_50,student,Brier,-0.002439005210576606,-0.003811315900765376,-0.0011878171952647456,5000,5000,0,4999,1,0.0007998400319936012,"min(1, 2*(min(count<=0,count>=0)+1)/(B_valid+1))",0.0003999200159968006,conditional on fixed fitted predictions; seed variability separate,paired cluster multiplicity weights,0.13544086008732897,0.1675062189402969,0.1374609108035185,0.17073162326443483,primary_subject_id,203,3394
subgroup_primary_subject_id_50,student,ECE15,-0.007212934226327076,-0.019131801198570733,0.006544251708187408,5000,5000,0,4009,991,0.3967206558688262,"min(1, 2*(min(count<=0,count>=0)+1)/(B_valid+1))",0.0003999200159968006,conditional on fixed fitted predictions; seed variability separate,paired cluster multiplicity weights,0.015739322482583015,0.03813821736800256,0.019543806402671376,0.0460366965017882,primary_subject_id,203,3394
subgroup_primary_subject_id_51,student,ROC_AUC,0.0001172149391921451,-0.004497733242091631,0.004762026314802192,5000,5000,0,2472,2528,0.989002199560088,"min(1, 2*(min(count<=0,count>=0)+1)/(B_valid+1))",0.0003999200159968006,conditional on fixed fitted predictions; seed variability separate,paired cluster multiplicity weights,0.7612681304723862,0.8276762433790622,0.7607418904796207,0.8276757763585519,primary_subject_id,204,3597
subgroup_primary_subject_id_51,student,Log_Loss,0.0006274370652890604,-0.002669873902639598,0.003803259419057856,5000,5000,0,1782,3218,0.7130573885222955,"min(1, 2*(min(count<=0,count>=0)+1)/(B_valid+1))",0.0003999200159968006,conditional on fixed fitted predictions; seed variability separate,paired cluster multiplicity weights,0.3946636220124691,0.48953697403357666,0.39378158878097635,0.4890516814414549,primary_subject_id,204,3597
subgroup_primary_subject_id_51,student,Brier,-4.556970710561936e-05,-0.0012042726085460579,0.001136408445412543,5000,5000,0,2634,2366,0.9466106778644271,"min(1, 2*(min(count<=0,count>=0)+1)/(B_valid+1))",0.0003999200159968006,conditional on fixed fitted predictions; seed variability separate,paired cluster multiplicity weights,0.12647040571755053,0.16293401038692956,0.1266572958786724,0.1629017013504651,primary_subject_id,204,3597
subgroup_primary_subject_id_51,student,ECE15,-0.002961688891682794,-0.010215515384426143,0.009315748786622578,5000,5000,0,2735,2265,0.9062187562487503,"min(1, 2*(min(count<=0,count>=0)+1)/(B_valid+1))",0.0003999200159968006,conditional on fixed fitted predictions; seed variability separate,paired cluster multiplicity weights,0.01784706872091074,0.03825647527073903,0.01811870819778146,0.039209612677904425,primary_subject_id,204,3597
subgroup_primary_subject_id_52,student,ROC_AUC,0.005876445228297111,-0.003993137183944856,0.017176303622346185,5000,5000,0,649,4352,0.2599480103979204,"min(1, 2*(min(count<=0,count>=0)+1)/(B_valid+1))",0.0003999200159968006,conditional on fixed fitted predictions; seed variability separate,paired cluster multiplicity weights,0.6676777997758254,0.7510759791045369,0.659306720383434,0.7468713423906689,primary_subject_id,207,1062
subgroup_primary_subject_id_52,student,Log_Loss,-0.0006915451967344222,-0.006224236705693981,0.004590220940931524,5000,5000,0,2937,2063,0.8254349130173965,"min(1, 2*(min(count<=0,count>=0)+1)/(B_valid+1))",0.0003999200159968006,conditional on fixed fitted predictions; seed variability separate,paired cluster multiplicity weights,0.44816787553251514,0.5341016685333677,0.44661416795122744,0.5358947732956589,primary_subject_id,207,1062
subgroup_primary_subject_id_52,student,Brier,-2.4469109418973067e-05,-0.0021797661033631974,0.002113725667305733,5000,5000,0,2495,2505,0.9982003599280144,"min(1, 2*(min(count<=0,count>=0)+1)/(B_valid+1))",0.0003999200159968006,conditional on fixed fitted predictions; seed variability separate,paired cluster multiplicity weights,0.14445023358875667,0.17792423713173658,0.14395580148203552,0.17829026805359502,primary_subject_id,207,1062
subgroup_primary_subject_id_52,student,ECE15,0.010263666648371257,-0.010385493941254362,0.02497837342966168,5000,5000,0,855,4145,0.34233153369326136,"min(1, 2*(min(count<=0,count>=0)+1)/(B_valid+1))",0.0003999200159968006,conditional on fixed fitted predictions; seed variability separate,paired cluster multiplicity weights,0.04129346892116657,0.07896413741285652,0.03437273847470575,0.07100525035658072,primary_subject_id,207,1062
subgroup_primary_subject_id_53,student,ROC_AUC,0.002959182671536831,-0.0038138399103721243,0.009728655028143258,5000,5000,0,961,4040,0.3847230553889222,"min(1, 2*(min(count<=0,count>=0)+1)/(B_valid+1))",0.0003999200159968006,conditional on fixed fitted predictions; seed variability separate,paired cluster multiplicity weights,0.7404723656527888,0.815964565631585,0.7368840417881749,0.8131292301415726,primary_subject_id,208,1375
subgroup_primary_subject_id_53,student,Log_Loss,-0.0019399459963185262,-0.00690606497478746,0.0032454365348144887,5000,5000,0,3809,1191,0.4767046590681864,"min(1, 2*(min(count<=0,count>=0)+1)/(B_valid+1))",0.0003999200159968006,conditional on fixed fitted predictions; seed variability separate,paired cluster multiplicity weights,0.46190805977725563,0.5525450903195746,0.4624147791537111,0.5552599051097594,primary_subject_id,208,1375
subgroup_primary_subject_id_53,student,Brier,-0.0012102339763789827,-0.0032845892972084762,0.0009235529245114701,5000,5000,0,4325,675,0.27034593081383723,"min(1, 2*(min(count<=0,count>=0)+1)/(B_valid+1))",0.0003999200159968006,conditional on fixed fitted predictions; seed variability separate,paired cluster multiplicity weights,0.15295339372149422,0.18836342822607222,0.15375669921402427,0.189690689757497,primary_subject_id,208,1375
subgroup_primary_subject_id_53,student,ECE15,-0.001023930809027844,-0.020784156938540344,0.01816466383390587,5000,5000,0,2665,2335,0.9342131573685263,"min(1, 2*(min(count<=0,count>=0)+1)/(B_valid+1))",0.0003999200159968006,conditional on fixed fitted predictions; seed variability separate,paired cluster multiplicity weights,0.024544028791305912,0.05625935108161148,0.02535376763388523,0.057681924716132336,primary_subject_id,208,1375
subgroup_primary_subject_id_54,student,ROC_AUC,0.005937267273782854,-0.00043300637306279967,0.01270839313616581,5000,5000,0,169,4831,0.06798640271945611,"min(1, 2*(min(count<=0,count>=0)+1)/(B_valid+1))",0.0003999200159968006,conditional on fixed fitted predictions; seed variability separate,paired cluster multiplicity weights,0.6894870621270209,0.7770963663656051,0.6818147310850927,0.7713617339802786,primary_subject_id,209,1245
subgroup_primary_subject_id_54,student,Log_Loss,-0.00339365849126827,-0.00799110604002518,0.0012108639401017553,5000,5000,0,4633,367,0.14717056588682265,"min(1, 2*(min(count<=0,count>=0)+1)/(B_valid+1))",0.0003999200159968006,conditional on fixed fitted predictions; seed variability separate,paired cluster multiplicity weights,0.5088335767682077,0.5863570523367715,0.5115541432109298,0.5905949195147292,primary_subject_id,209,1245
subgroup_primary_subject_id_54,student,Brier,-0.0015320344420627074,-0.0034270463715945507,0.0003344958315191451,5000,5000,0,4734,266,0.10677864427114576,"min(1, 2*(min(count<=0,count>=0)+1)/(B_valid+1))",0.0003999200159968006,conditional on fixed fitted predictions; seed variability separate,paired cluster multiplicity weights,0.1699933721418307,0.2017164526262276,0.17084905269711712,0.20356830253627325,primary_subject_id,209,1245
subgroup_primary_subject_id_54,student,ECE15,-0.009460089561757444,-0.026613813972586123,0.013460310499813445,5000,5000,0,3646,1354,0.5418916216756648,"min(1, 2*(min(count<=0,count>=0)+1)/(B_valid+1))",0.0003999200159968006,conditional on fixed fitted predictions; seed variability separate,paired cluster multiplicity weights,0.02598726844719127,0.05915306815502467,0.030352120216285538,0.06713676286476708,primary_subject_id,209,1245
subgroup_primary_subject_id_55,student,ROC_AUC,0.005653119402151741,0.0004039458929429002,0.011396273656871915,5000,5000,0,82,4918,0.033193361327734455,"min(1, 2*(min(count<=0,count>=0)+1)/(B_valid+1))",0.0003999200159968006,conditional on fixed fitted predictions; seed variability separate,paired cluster multiplicity weights,0.7729053483055243,0.8297581983628755,0.7653587690965974,0.8245755192364774,primary_subject_id,211,1756
subgroup_primary_subject_id_55,student,Log_Loss,-0.003964164914838031,-0.00863745777740565,0.0004005392966397972,5000,5000,0,4808,192,0.07718456308738253,"min(1, 2*(min(count<=0,count>=0)+1)/(B_valid+1))",0.0003999200159968006,conditional on fixed fitted predictions; seed variability separate,paired cluster multiplicity weights,0.455551494472912,0.5240408794919866,0.45940862571195534,0.5283208217850743,primary_subject_id,211,1756
subgroup_primary_subject_id_55,student,Brier,-0.0012812593059046973,-0.0032186445656161495,0.0005526664897322084,5000,5000,0,4579,421,0.16876624675064986,"min(1, 2*(min(count<=0,count>=0)+1)/(B_valid+1))",0.0003999200159968006,conditional on fixed fitted predictions; seed variability separate,paired cluster multiplicity weights,0.1472030005517268,0.1743278519285575,0.14834362047443408,0.1757490482687886,primary_subject_id,211,1756
subgroup_primary_subject_id_55,student,ECE15,-0.00420980588772344,-0.018676110671353077,0.012925864430673522,5000,5000,0,3148,1852,0.7410517896420716,"min(1, 2*(min(count<=0,count>=0)+1)/(B_valid+1))",0.0003999200159968006,conditional on fixed fitted predictions; seed variability separate,paired cluster multiplicity weights,0.02474377530630342,0.05405418830831559,0.02706653260034702,0.05724669520015229,primary_subject_id,211,1756
subgroup_primary_subject_id_56,student,ROC_AUC,0.0017904293887130995,-0.0034320361890086137,0.007238669557769034,5000,5000,0,1223,3779,0.489502099580084,"min(1, 2*(min(count<=0,count>=0)+1)/(B_valid+1))",0.0003999200159968006,conditional on fixed fitted predictions; seed variability separate,paired cluster multiplicity weights,0.7900566584609069,0.8559584794423919,0.7875833776644062,0.854711090303097,primary_subject_id,213,1353
subgroup_primary_subject_id_56,student,Log_Loss,-0.0016444993747182224,-0.005982405064458611,0.002539818496505779,5000,5000,0,3858,1142,0.45710857828434315,"min(1, 2*(min(count<=0,count>=0)+1)/(B_valid+1))",0.0003999200159968006,conditional on fixed fitted predictions; seed variability separate,paired cluster multiplicity weights,0.41082087757981567,0.5069991351723065,0.4115493522111332,0.509488524060239,primary_subject_id,213,1353
subgroup_primary_subject_id_56,student,Brier,-0.0008405247452485665,-0.0024812732132843225,0.0007277340040278119,5000,5000,0,4234,766,0.3067386522695461,"min(1, 2*(min(count<=0,count>=0)+1)/(B_valid+1))",0.0003999200159968006,conditional on fixed fitted predictions; seed variability separate,paired cluster multiplicity weights,0.1326856838423152,0.1705437355302464,0.13329568881334955,0.17145943870286334,primary_subject_id,213,1353
subgroup_primary_subject_id_56,student,ECE15,-0.008677039071195616,-0.024933067466101758,0.010844523978103603,5000,5000,0,3968,1032,0.41311737652469505,"min(1, 2*(min(count<=0,count>=0)+1)/(B_valid+1))",0.0003999200159968006,conditional on fixed fitted predictions; seed variability separate,paired cluster multiplicity weights,0.030920106097353614,0.0655750925313587,0.038122615837664985,0.07322901122835292,primary_subject_id,213,1353
subgroup_primary_subject_id_57,student,ROC_AUC,0.0025704557713052134,-0.004216735554720183,0.009079583063913923,5000,5000,0,1121,3879,0.4487102579484103,"min(1, 2*(min(count<=0,count>=0)+1)/(B_valid+1))",0.0003999200159968006,conditional on fixed fitted predictions; seed variability separate,paired cluster multiplicity weights,0.7183231240834259,0.7822471073584524,0.7155708291594745,0.7797181466390494,primary_subject_id,219,1375
subgroup_primary_subject_id_57,student,Log_Loss,-0.0018547156908725881,-0.007232142350255202,0.0036062719175244773,5000,5000,0,3727,1273,0.509498100379924,"min(1, 2*(min(count<=0,count>=0)+1)/(B_valid+1))",0.0003999200159968006,conditional on fixed fitted predictions; seed variability separate,paired cluster multiplicity weights,0.5027200106871691,0.5710632591414767,0.5046288981856613,0.5726073902476949,primary_subject_id,219,1375
subgroup_primary_subject_id_57,student,Brier,-0.0011423019734209672,-0.0033642494282512168,0.0011225190143063157,5000,5000,0,4186,814,0.3259348130373925,"min(1, 2*(min(count<=0,count>=0)+1)/(B_valid+1))",0.0003999200159968006,conditional on fixed fitted predictions; seed variability separate,paired cluster multiplicity weights,0.16868162522037866,0.1957881950431033,0.16987786988956607,0.19690517110073325,primary_subject_id,219,1375
subgroup_primary_subject_id_57,student,ECE15,-0.004813389047937131,-0.023456246964586588,0.013654572296504337,5000,5000,0,3568,1432,0.5730853829234153,"min(1, 2*(min(count<=0,count>=0)+1)/(B_valid+1))",0.0003999200159968006,conditional on fixed fitted predictions; seed variability separate,paired cluster multiplicity weights,0.026777482034616225,0.05963987467660703,0.03023783704246486,0.06581660390908556,primary_subject_id,219,1375
subgroup_primary_subject_id_58,student,ROC_AUC,0.010567576144186575,0.005379706486317998,0.01610741362406673,5000,5000,0,0,5000,0.0003999200159968006,"min(1, 2*(min(count<=0,count>=0)+1)/(B_valid+1))",0.0003999200159968006,conditional on fixed fitted predictions; seed variability separate,paired cluster multiplicity weights,0.7369166143623745,0.7947543751864464,0.7259954669066069,0.7851711144550364,primary_subject_id,220,1640
subgroup_primary_subject_id_58,student,Log_Loss,-0.008490891587280003,-0.01304879981476284,-0.003944508602850787,5000,5000,0,5000,0,0.0003999200159968006,"min(1, 2*(min(count<=0,count>=0)+1)/(B_valid+1))",0.0003999200159968006,conditional on fixed fitted predictions; seed variability separate,paired cluster multiplicity weights,0.5098921624946532,0.5754123412501061,0.5173808595445741,0.5851319754545297,primary_subject_id,220,1640
subgroup_primary_subject_id_58,student,Brier,-0.0036969306807432267,-0.0056230772636192096,-0.001799182736266246,5000,5000,0,5000,0,0.0003999200159968006,"min(1, 2*(min(count<=0,count>=0)+1)/(B_valid+1))",0.0003999200159968006,conditional on fixed fitted predictions; seed variability separate,paired cluster multiplicity weights,0.17138415968421825,0.1980289952795519,0.17476331022428265,0.20185052028240547,primary_subject_id,220,1640
subgroup_primary_subject_id_58,student,ECE15,0.006216704092563193,-0.017244135431000028,0.02102942712927291,5000,5000,0,2138,2862,0.8554289142171566,"min(1, 2*(min(count<=0,count>=0)+1)/(B_valid+1))",0.0003999200159968006,conditional on fixed fitted predictions; seed variability separate,paired cluster multiplicity weights,0.025171489253416682,0.057389184552693664,0.023404563343673686,0.05539563737005818,primary_subject_id,220,1640
subgroup_primary_subject_id_59,student,ROC_AUC,0.00804697875166005,0.0016777996298161125,0.015121758910299059,5000,5000,0,42,4958,0.017196560687862426,"min(1, 2*(min(count<=0,count>=0)+1)/(B_valid+1))",0.0003999200159968006,conditional on fixed fitted predictions; seed variability separate,paired cluster multiplicity weights,0.726519325212125,0.7868503150093166,0.7174167295136369,0.7798547946234072,primary_subject_id,221,1604
subgroup_primary_subject_id_59,student,Log_Loss,-0.00748938613473471,-0.012815552578446285,-0.0022238197219219516,5000,5000,0,4986,14,0.00599880023995201,"min(1, 2*(min(count<=0,count>=0)+1)/(B_valid+1))",0.0003999200159968006,conditional on fixed fitted predictions; seed variability separate,paired cluster multiplicity weights,0.5224568168723877,0.5923343706631969,0.5294394478479615,0.6002597575061794,primary_subject_id,221,1604
subgroup_primary_subject_id_59,student,Brier,-0.003069597232513016,-0.005371833687037147,-0.0008631130919665068,5000,5000,0,4982,18,0.007598480303939212,"min(1, 2*(min(count<=0,count>=0)+1)/(B_valid+1))",0.0003999200159968006,conditional on fixed fitted predictions; seed variability separate,paired cluster multiplicity weights,0.177705285924517,0.2055934618664978,0.18062424180839073,0.20871322394021052,primary_subject_id,221,1604
subgroup_primary_subject_id_59,student,ECE15,-0.0024989320544746077,-0.01625092858481,0.014651299433403216,5000,5000,0,2974,2026,0.8106378724255149,"min(1, 2*(min(count<=0,count>=0)+1)/(B_valid+1))",0.0003999200159968006,conditional on fixed fitted predictions; seed variability separate,paired cluster multiplicity weights,0.03340773492745436,0.07191784799733472,0.03529162265400404,0.07304758399716277,primary_subject_id,221,1604
subgroup_primary_subject_id_60,student,ROC_AUC,0.004416816103856802,0.0008736631427082393,0.00839266647966695,5000,5000,0,32,4968,0.013197360527894421,"min(1, 2*(min(count<=0,count>=0)+1)/(B_valid+1))",0.0003999200159968006,conditional on fixed fitted predictions; seed variability separate,paired cluster multiplicity weights,0.7567688177650802,0.8075932536095644,0.7521665795038286,0.8039007379728176,primary_subject_id,225,3348
subgroup_primary_subject_id_60,student,Log_Loss,-0.0033304931693016737,-0.006528556018516857,-0.00024744168468044384,5000,5000,0,4907,93,0.03759248150369926,"min(1, 2*(min(count<=0,count>=0)+1)/(B_valid+1))",0.0003999200159968006,conditional on fixed fitted predictions; seed variability separate,paired cluster multiplicity weights,0.4903048515280265,0.556708939346763,0.4928809773412227,0.5604290411185535,primary_subject_id,225,3348
subgroup_primary_subject_id_60,student,Brier,-0.0016614898494849983,-0.0029580736372991356,-0.00043770335627794677,5000,5000,0,4984,16,0.006798640271945611,"min(1, 2*(min(count<=0,count>=0)+1)/(B_valid+1))",0.0003999200159968006,conditional on fixed fitted predictions; seed variability separate,paired cluster multiplicity weights,0.1624786402095833,0.1888956275535903,0.16393298374020776,0.19084408162192829,primary_subject_id,225,3348
subgroup_primary_subject_id_60,student,ECE15,0.004433421654217756,-0.010406454921870001,0.014617945641235558,5000,5000,0,1894,3106,0.7578484303139372,"min(1, 2*(min(count<=0,count>=0)+1)/(B_valid+1))",0.0003999200159968006,conditional on fixed fitted predictions; seed variability separate,paired cluster multiplicity weights,0.01971002233116103,0.04328040500526805,0.018217826154495277,0.040762090281795615,primary_subject_id,225,3348
subgroup_primary_subject_id_61,student,ROC_AUC,0.009613205120182489,0.004942181764300358,0.01537809960116966,5000,5000,0,0,5000,0.0003999200159968006,"min(1, 2*(min(count<=0,count>=0)+1)/(B_valid+1))",0.0003999200159968006,conditional on fixed fitted predictions; seed variability separate,paired cluster multiplicity weights,0.7613882525398622,0.8245260479691257,0.7496221147286216,0.8160719740140063,primary_subject_id,226,1828
subgroup_primary_subject_id_61,student,Log_Loss,-0.006627059162571114,-0.010372782621514354,-0.003090462935184016,5000,5000,0,4999,1,0.0007998400319936012,"min(1, 2*(min(count<=0,count>=0)+1)/(B_valid+1))",0.0003999200159968006,conditional on fixed fitted predictions; seed variability separate,paired cluster multiplicity weights,0.463720168059088,0.5381659087239911,0.46976855005401424,0.5457305551952448,primary_subject_id,226,1828
subgroup_primary_subject_id_61,student,Brier,-0.002601538527306768,-0.004167064352872308,-0.001148859544574302,5000,5000,0,4998,2,0.0011997600479904018,"min(1, 2*(min(count<=0,count>=0)+1)/(B_valid+1))",0.0003999200159968006,conditional on fixed fitted predictions; seed variability separate,paired cluster multiplicity weights,0.1523943485437113,0.18251196075807014,0.1547156180837889,0.1852839188200366,primary_subject_id,226,1828
subgroup_primary_subject_id_61,student,ECE15,0.0016288793964821524,-0.01671844423221706,0.015193258335710069,5000,5000,0,2284,2716,0.9138172365526894,"min(1, 2*(min(count<=0,count>=0)+1)/(B_valid+1))",0.0003999200159968006,conditional on fixed fitted predictions; seed variability separate,paired cluster multiplicity weights,0.028701075266380053,0.060069634099064975,0.02761309243134804,0.0600202855931158,primary_subject_id,226,1828
subgroup_primary_subject_id_62,student,ROC_AUC,-0.00017236130511077974,-0.006882987702181473,0.0065474242853783195,5000,5000,0,2565,2438,0.9754049190161967,"min(1, 2*(min(count<=0,count>=0)+1)/(B_valid+1))",0.0003999200159968006,conditional on fixed fitted predictions; seed variability separate,paired cluster multiplicity weights,0.6932704761015605,0.7833555245212555,0.6930199738371497,0.7842019555553128,primary_subject_id,227,1009
subgroup_primary_subject_id_62,student,Log_Loss,-0.0005977093075739681,-0.005635194207676356,0.004443712041654495,5000,5000,0,2926,2074,0.8298340331933614,"min(1, 2*(min(count<=0,count>=0)+1)/(B_valid+1))",0.0003999200159968006,conditional on fixed fitted predictions; seed variability separate,paired cluster multiplicity weights,0.506186992419923,0.5850395926614904,0.5061574359242296,0.5859159825257021,primary_subject_id,227,1009
subgroup_primary_subject_id_62,student,Brier,-0.0003731654571677845,-0.0025324951109232823,0.0017736554696806486,5000,5000,0,3144,1856,0.7426514697060588,"min(1, 2*(min(count<=0,count>=0)+1)/(B_valid+1))",0.0003999200159968006,conditional on fixed fitted predictions; seed variability separate,paired cluster multiplicity weights,0.16800732711435845,0.20029020221311522,0.16818462055469977,0.20067397564595238,primary_subject_id,227,1009
subgroup_primary_subject_id_62,student,ECE15,0.008296720011673149,-0.015150691609785528,0.028410118666200704,5000,5000,0,1286,3714,0.5146970605878824,"min(1, 2*(min(count<=0,count>=0)+1)/(B_valid+1))",0.0003999200159968006,conditional on fixed fitted predictions; seed variability separate,paired cluster multiplicity weights,0.03563607013048789,0.07839743150596239,0.029241645064564965,0.0704547484257897,primary_subject_id,227,1009
subgroup_primary_subject_id_63,student,ROC_AUC,0.0010150786353493313,-0.003336449706793926,0.0051952332104445486,5000,5000,0,1578,3423,0.6314737052589482,"min(1, 2*(min(count<=0,count>=0)+1)/(B_valid+1))",0.0003999200159968006,conditional on fixed fitted predictions; seed variability separate,paired cluster multiplicity weights,0.7368177187325585,0.808321600058754,0.7357373652649738,0.8073676470747014,primary_subject_id,228,1835
subgroup_primary_subject_id_63,student,Log_Loss,-0.0007629478313950777,-0.0038212989080005145,0.0024980289671553313,5000,5000,0,3378,1622,0.6490701859628074,"min(1, 2*(min(count<=0,count>=0)+1)/(B_valid+1))",0.0003999200159968006,conditional on fixed fitted predictions; seed variability separate,paired cluster multiplicity weights,0.4969077613685997,0.5833524475434914,0.4975314456769992,0.5838531298757133,primary_subject_id,228,1835
subgroup_primary_subject_id_63,student,Brier,-0.0006112945979838413,-0.0019276988450708575,0.0007832092246071888,5000,5000,0,4046,954,0.38192361527694463,"min(1, 2*(min(count<=0,count>=0)+1)/(B_valid+1))",0.0003999200159968006,conditional on fixed fitted predictions; seed variability separate,paired cluster multiplicity weights,0.16674994477630253,0.20143506786004522,0.1672580458979217,0.20188357285807418,primary_subject_id,228,1835
subgroup_primary_subject_id_63,student,ECE15,-0.005395067038297407,-0.01622260120300534,0.016240209994964314,5000,5000,0,2566,2434,0.9738052389522096,"min(1, 2*(min(count<=0,count>=0)+1)/(B_valid+1))",0.0003999200159968006,conditional on fixed fitted predictions; seed variability separate,paired cluster multiplicity weights,0.024689666665338058,0.05401098180140404,0.023280690968757217,0.05571124688173722,primary_subject_id,228,1835
subgroup_primary_subject_id_64,student,ROC_AUC,0.006291405962458585,0.0026580137741959637,0.010169783911710329,5000,5000,0,2,4998,0.0011997600479904018,"min(1, 2*(min(count<=0,count>=0)+1)/(B_valid+1))",0.0003999200159968006,conditional on fixed fitted predictions; seed variability separate,paired cluster multiplicity weights,0.7551363397497552,0.8008383235151226,0.7480143878358654,0.7955269595363372,primary_subject_id,230,2771
subgroup_primary_subject_id_64,student,Log_Loss,-0.0047291718427082685,-0.0075612511691768,-0.0018020241659316804,5000,5000,0,4997,3,0.0015996800639872025,"min(1, 2*(min(count<=0,count>=0)+1)/(B_valid+1))",0.0003999200159968006,conditional on fixed fitted predictions; seed variability separate,paired cluster multiplicity weights,0.4965469632460151,0.5471783214340976,0.5001435393455326,0.5523664322372138,primary_subject_id,230,2771
subgroup_primary_subject_id_64,student,Brier,-0.0020538197174914674,-0.003298030831006206,-0.0007745378813408076,5000,5000,0,4997,3,0.0015996800639872025,"min(1, 2*(min(count<=0,count>=0)+1)/(B_valid+1))",0.0003999200159968006,conditional on fixed fitted predictions; seed variability separate,paired cluster multiplicity weights,0.16490742688257962,0.18568111090440542,0.16649508347110265,0.18785065533462916,primary_subject_id,230,2771
subgroup_primary_subject_id_64,student,ECE15,0.005841555479234879,-0.006539978719978339,0.014284557260737641,5000,5000,0,1007,3993,0.40311937612477505,"min(1, 2*(min(count<=0,count>=0)+1)/(B_valid+1))",0.0003999200159968006,conditional on fixed fitted predictions; seed variability separate,paired cluster multiplicity weights,0.023685801334280707,0.050401530924830636,0.019832287584227826,0.045256441990322194,primary_subject_id,230,2771
subgroup_primary_subject_id_65,student,ROC_AUC,0.0033574816813886077,-0.0017800375983801602,0.008641487195805719,5000,5000,0,480,4520,0.1923615276944611,"min(1, 2*(min(count<=0,count>=0)+1)/(B_valid+1))",0.0003999200159968006,conditional on fixed fitted predictions; seed variability separate,paired cluster multiplicity weights,0.746784805132913,0.8172055445579024,0.7421487539475077,0.8143353373330616,primary_subject_id,231,1669
subgroup_primary_subject_id_65,student,Log_Loss,-0.003134343783081084,-0.007212228606504284,0.0009776154442527759,5000,5000,0,4659,341,0.1367726454709058,"min(1, 2*(min(count<=0,count>=0)+1)/(B_valid+1))",0.0003999200159968006,conditional on fixed fitted predictions; seed variability separate,paired cluster multiplicity weights,0.4793604524908212,0.5611444067966375,0.4821982885765613,0.5643807601413389,primary_subject_id,231,1669
subgroup_primary_subject_id_65,student,Brier,-0.0011306271378069277,-0.0028565670843039626,0.0005926090090082337,5000,5000,0,4489,511,0.20475904819036192,"min(1, 2*(min(count<=0,count>=0)+1)/(B_valid+1))",0.0003999200159968006,conditional on fixed fitted predictions; seed variability separate,paired cluster multiplicity weights,0.15941392875490995,0.1918659403287743,0.16046758162997915,0.1930683884404976,primary_subject_id,231,1669
subgroup_primary_subject_id_65,student,ECE15,-0.0020563006492308397,-0.016542335178245597,0.014059766742120488,5000,5000,0,2811,2189,0.8758248350329934,"min(1, 2*(min(count<=0,count>=0)+1)/(B_valid+1))",0.0003999200159968006,conditional on fixed fitted predictions; seed variability separate,paired cluster multiplicity weights,0.025028617933857612,0.05504564075540817,0.025961365542533563,0.056779705559451325,primary_subject_id,231,1669
subgroup_primary_subject_id_66,student,ROC_AUC,-0.0017574960098444281,-0.006697984955909017,0.003068975002095737,5000,5000,0,3858,1142,0.45710857828434315,"min(1, 2*(min(count<=0,count>=0)+1)/(B_valid+1))",0.0003999200159968006,conditional on fixed fitted predictions; seed variability separate,paired cluster multiplicity weights,0.7059732563859745,0.7806251463825724,0.707444275403718,0.7826691662708632,primary_subject_id,232,1189
subgroup_primary_subject_id_66,student,Log_Loss,0.0021960748548529585,-0.0021974417412741892,0.00650583669521383,5000,5000,0,823,4177,0.32953409318136373,"min(1, 2*(min(count<=0,count>=0)+1)/(B_valid+1))",0.0003999200159968006,conditional on fixed fitted predictions; seed variability separate,paired cluster multiplicity weights,0.5275709273215147,0.6082228354596053,0.524619327141839,0.6059572470442153,primary_subject_id,232,1189
subgroup_primary_subject_id_66,student,Brier,0.0006405849258948049,-0.0011091016359234054,0.0023451218800925534,5000,5000,0,1152,3848,0.4611077784443111,"min(1, 2*(min(count<=0,count>=0)+1)/(B_valid+1))",0.0003999200159968006,conditional on fixed fitted predictions; seed variability separate,paired cluster multiplicity weights,0.1775735491078767,0.2107598605937006,0.1770217399159699,0.21034562686019587,primary_subject_id,232,1189
subgroup_primary_subject_id_66,student,ECE15,-0.0021727193379894733,-0.01601148785868409,0.016159063744605025,5000,5000,0,2539,2461,0.9846030793841232,"min(1, 2*(min(count<=0,count>=0)+1)/(B_valid+1))",0.0003999200159968006,conditional on fixed fitted predictions; seed variability separate,paired cluster multiplicity weights,0.03374371801466839,0.07487355303926678,0.032549292281139945,0.07600128947326922,primary_subject_id,232,1189
subgroup_primary_subject_id_67,student,ROC_AUC,0.0038565450018540615,-0.00048393986432048174,0.008368550503025237,5000,5000,0,192,4808,0.07718456308738253,"min(1, 2*(min(count<=0,count>=0)+1)/(B_valid+1))",0.0003999200159968006,conditional on fixed fitted predictions; seed variability separate,paired cluster multiplicity weights,0.7467490880537699,0.8043192873887552,0.7420739033772401,0.8010038296078654,primary_subject_id,233,2813
subgroup_primary_subject_id_67,student,Log_Loss,-0.0024171465406319648,-0.005611682107439867,0.0007612186869187486,5000,5000,0,4648,352,0.14117176564687062,"min(1, 2*(min(count<=0,count>=0)+1)/(B_valid+1))",0.0003999200159968006,conditional on fixed fitted predictions; seed variability separate,paired cluster multiplicity weights,0.48381331969647723,0.5413705492395675,0.4861261676504616,0.5443586610070736,primary_subject_id,233,2813
subgroup_primary_subject_id_67,student,Brier,-0.0010868045671782178,-0.0023926621360872294,0.00022701074726828304,5000,5000,0,4744,256,0.10277944411117776,"min(1, 2*(min(count<=0,count>=0)+1)/(B_valid+1))",0.0003999200159968006,conditional on fixed fitted predictions; seed variability separate,paired cluster multiplicity weights,0.1585196139106851,0.1816203902393823,0.15955184925502547,0.18290254932319627,primary_subject_id,233,2813
subgroup_primary_subject_id_67,student,ECE15,0.003834422004249896,-0.010423594705537923,0.016156209747279146,5000,5000,0,1780,3220,0.712257548490302,"min(1, 2*(min(count<=0,count>=0)+1)/(B_valid+1))",0.0003999200159968006,conditional on fixed fitted predictions; seed variability separate,paired cluster multiplicity weights,0.02652387862716928,0.05406084435811978,0.02478467863363464,0.050202790601742146,primary_subject_id,233,2813
subgroup_primary_subject_id_68,student,ROC_AUC,0.0009868747430935576,-0.005046137482621641,0.006941967282921849,5000,5000,0,1818,3184,0.7274545090981803,"min(1, 2*(min(count<=0,count>=0)+1)/(B_valid+1))",0.0003999200159968006,conditional on fixed fitted predictions; seed variability separate,paired cluster multiplicity weights,0.7170199504767464,0.7762028431139762,0.7163178778889452,0.775450532285542,primary_subject_id,234,1539
subgroup_primary_subject_id_68,student,Log_Loss,7.722856120984112e-05,-0.00485321839471004,0.005043594493391463,5000,5000,0,2460,2540,0.9842031593681264,"min(1, 2*(min(count<=0,count>=0)+1)/(B_valid+1))",0.0003999200159968006,conditional on fixed fitted predictions; seed variability separate,paired cluster multiplicity weights,0.5430949793121826,0.6047580368717171,0.5431897014747942,0.6041223202472252,primary_subject_id,234,1539
subgroup_primary_subject_id_68,student,Brier,-0.00023583050781428305,-0.0022352100403609824,0.0018204425790742471,5000,5000,0,2991,2009,0.8038392321535693,"min(1, 2*(min(count<=0,count>=0)+1)/(B_valid+1))",0.0003999200159968006,conditional on fixed fitted predictions; seed variability separate,paired cluster multiplicity weights,0.18336029102298948,0.20869473081678383,0.183773029662226,0.2089416465350209,primary_subject_id,234,1539
subgroup_primary_subject_id_68,student,ECE15,0.020949733379868926,-0.004136742052250284,0.033886523614458916,5000,5000,0,325,4675,0.130373925214957,"min(1, 2*(min(count<=0,count>=0)+1)/(B_valid+1))",0.0003999200159968006,conditional on fixed fitted predictions; seed variability separate,paired cluster multiplicity weights,0.031562474660081594,0.07271979454477406,0.02198790107889055,0.05278867648461448,primary_subject_id,234,1539
subgroup_primary_subject_id_69,student,ROC_AUC,0.0007299584650939384,-0.0039839220319316275,0.00561171066602987,5000,5000,0,1881,3119,0.7526494701059788,"min(1, 2*(min(count<=0,count>=0)+1)/(B_valid+1))",0.0003999200159968006,conditional on fixed fitted predictions; seed variability separate,paired cluster multiplicity weights,0.7349141467391984,0.7967544409811438,0.7347254405307181,0.7956180443120799,primary_subject_id,237,2072
subgroup_primary_subject_id_69,student,Log_Loss,-0.002493386426591915,-0.005916048603391488,0.0008581140745621934,5000,5000,0,4650,350,0.14037192561487702,"min(1, 2*(min(count<=0,count>=0)+1)/(B_valid+1))",0.0003999200159968006,conditional on fixed fitted predictions; seed variability separate,paired cluster multiplicity weights,0.5008504663670306,0.5595193627255955,0.5032732945376023,0.5622605315656001,primary_subject_id,237,2072
subgroup_primary_subject_id_69,student,Brier,-0.001044674717416344,-0.002580554750999462,0.00044028935872006934,5000,5000,0,4580,420,0.16836632673465307,"min(1, 2*(min(count<=0,count>=0)+1)/(B_valid+1))",0.0003999200159968006,conditional on fixed fitted predictions; seed variability separate,paired cluster multiplicity weights,0.16601621988418166,0.1911156386987631,0.1671787592537877,0.1921180923231498,primary_subject_id,237,2072
subgroup_primary_subject_id_69,student,ECE15,-0.004915473627463966,-0.017303195003505925,0.002584247221550898,5000,5000,0,4663,337,0.13517296540691862,"min(1, 2*(min(count<=0,count>=0)+1)/(B_valid+1))",0.0003999200159968006,conditional on fixed fitted predictions; seed variability separate,paired cluster multiplicity weights,0.042666441501356574,0.07703214306789627,0.04929358986635856,0.08300264858295744,primary_subject_id,237,2072
subgroup_primary_subject_id_70,student,ROC_AUC,0.0014512344419507217,-0.003707541951997978,0.007007945275876226,5000,5000,0,1374,3627,0.5498900219956009,"min(1, 2*(min(count<=0,count>=0)+1)/(B_valid+1))",0.0003999200159968006,conditional on fixed fitted predictions; seed variability separate,paired cluster multiplicity weights,0.737488376354728,0.8061407237366192,0.7364361616642384,0.8043710747844982,primary_subject_id,238,1309
subgroup_primary_subject_id_70,student,Log_Loss,-0.0004549232162500694,-0.004605003680290004,0.0034936293241664778,5000,5000,0,2996,2004,0.8018396320735853,"min(1, 2*(min(count<=0,count>=0)+1)/(B_valid+1))",0.0003999200159968006,conditional on fixed fitted predictions; seed variability separate,paired cluster multiplicity weights,0.5015925685609148,0.5715088911314924,0.502755729483517,0.5716191679706198,primary_subject_id,238,1309
subgroup_primary_subject_id_70,student,Brier,-0.0003199260761094225,-0.0020746073156951983,0.0013605200528417532,5000,5000,0,3256,1744,0.6978604279144172,"min(1, 2*(min(count<=0,count>=0)+1)/(B_valid+1))",0.0003999200159968006,conditional on fixed fitted predictions; seed variability separate,paired cluster multiplicity weights,0.16493968064244205,0.19368067928567653,0.16556485390911937,0.19412090089153172,primary_subject_id,238,1309
subgroup_primary_subject_id_70,student,ECE15,0.0052784609222080656,-0.020558167470556592,0.01323461701385686,5000,5000,0,3370,1630,0.6522695460907818,"min(1, 2*(min(count<=0,count>=0)+1)/(B_valid+1))",0.0003999200159968006,conditional on fixed fitted predictions; seed variability separate,paired cluster multiplicity weights,0.030832217955531344,0.06825191649421462,0.03485180089702075,0.07022048428411984,primary_subject_id,238,1309
subgroup_primary_subject_id_71,student,ROC_AUC,0.003524675047251069,-0.0024591407795080096,0.009709757254685382,5000,5000,0,599,4401,0.23995200959808038,"min(1, 2*(min(count<=0,count>=0)+1)/(B_valid+1))",0.0003999200159968006,conditional on fixed fitted predictions; seed variability separate,paired cluster multiplicity weights,0.7414587774844833,0.801072349672508,0.737328504570106,0.7984419373207832,primary_subject_id,239,1379
subgroup_primary_subject_id_71,student,Log_Loss,-0.0016290157486335,-0.006214668060414994,0.003141128642558049,5000,5000,0,3723,1277,0.5110977804439112,"min(1, 2*(min(count<=0,count>=0)+1)/(B_valid+1))",0.0003999200159968006,conditional on fixed fitted predictions; seed variability separate,paired cluster multiplicity weights,0.5048179375167604,0.5723001225819071,0.5067705676780282,0.5736800347786419,primary_subject_id,239,1379
subgroup_primary_subject_id_71,student,Brier,-0.0009413912385282108,-0.0029350202982320905,0.001104611859780484,5000,5000,0,4071,929,0.3719256148770246,"min(1, 2*(min(count<=0,count>=0)+1)/(B_valid+1))",0.0003999200159968006,conditional on fixed fitted predictions; seed variability separate,paired cluster multiplicity weights,0.16766219965563534,0.19565684408441972,0.16855907299289963,0.19629749243179856,primary_subject_id,239,1379
subgroup_primary_subject_id_71,student,ECE15,-0.000218099980648985,-0.015909615792635598,0.02307823771525882,5000,5000,0,1737,3263,0.6950609878024395,"min(1, 2*(min(count<=0,count>=0)+1)/(B_valid+1))",0.0003999200159968006,conditional on fixed fitted predictions; seed variability separate,paired cluster multiplicity weights,0.04230788520793261,0.0767354036056239,0.036662123510758274,0.07559198797676066,primary_subject_id,239,1379
subgroup_primary_subject_id_72,student,ROC_AUC,0.003433083368705736,-0.003099148857470099,0.010316217952601372,5000,5000,0,777,4223,0.3111377724455109,"min(1, 2*(min(count<=0,count>=0)+1)/(B_valid+1))",0.0003999200159968006,conditional on fixed fitted predictions; seed variability separate,paired cluster multiplicity weights,0.7092153631736691,0.7891763166624198,0.7046794935398053,0.786397067512891,primary_subject_id,241,1063
subgroup_primary_subject_id_72,student,Log_Loss,-0.001293602465120114,-0.006204141325174442,0.0035239708364096923,5000,5000,0,3540,1460,0.5842831433713257,"min(1, 2*(min(count<=0,count>=0)+1)/(B_valid+1))",0.0003999200159968006,conditional on fixed fitted predictions; seed variability separate,paired cluster multiplicity weights,0.5073003019942189,0.5909519780837532,0.5074877076710066,0.5928503770107422,primary_subject_id,241,1063
subgroup_primary_subject_id_72,student,Brier,-0.0010120369025790332,-0.0030803152538065306,0.0010199423120834429,5000,5000,0,4172,828,0.33153369326134774,"min(1, 2*(min(count<=0,count>=0)+1)/(B_valid+1))",0.0003999200159968006,conditional on fixed fitted predictions; seed variability separate,paired cluster multiplicity weights,0.16956317519659556,0.2030729204176616,0.1701431350758766,0.2045688747468628,primary_subject_id,241,1063
subgroup_primary_subject_id_72,student,ECE15,0.0009544861404372634,-0.02209742528757722,0.022598725183239656,5000,5000,0,2529,2471,0.9886022795440912,"min(1, 2*(min(count<=0,count>=0)+1)/(B_valid+1))",0.0003999200159968006,conditional on fixed fitted predictions; seed variability separate,paired cluster multiplicity weights,0.0288706393893309,0.06967615328200048,0.02893270203467759,0.06923177998941345,primary_subject_id,241,1063
subgroup_primary_subject_id_73,student,ROC_AUC,0.012462863933452084,0.00608135541586034,0.019557816800754173,5000,5000,0,1,4999,0.0007998400319936012,"min(1, 2*(min(count<=0,count>=0)+1)/(B_valid+1))",0.0003999200159968006,conditional on fixed fitted predictions; seed variability separate,paired cluster multiplicity weights,0.6889683959534955,0.7546515615191141,0.6755132201446635,0.7438678943488503,primary_subject_id,243,1651
subgroup_primary_subject_id_73,student,Log_Loss,-0.009212540201099295,-0.013616118704865237,-0.0049682742134947565,5000,5000,0,5000,0,0.0003999200159968006,"min(1, 2*(min(count<=0,count>=0)+1)/(B_valid+1))",0.0003999200159968006,conditional on fixed fitted predictions; seed variability separate,paired cluster multiplicity weights,0.5182561658905719,0.576456941032016,0.5273074366319896,0.586233560079464,primary_subject_id,243,1651
subgroup_primary_subject_id_73,student,Brier,-0.003830272791762429,-0.00574281403274143,-0.0020024423675255804,5000,5000,0,5000,0,0.0003999200159968006,"min(1, 2*(min(count<=0,count>=0)+1)/(B_valid+1))",0.0003999200159968006,conditional on fixed fitted predictions; seed variability separate,paired cluster multiplicity weights,0.17288381782838563,0.1970562251842114,0.17666710570596625,0.2010829750779994,primary_subject_id,243,1651
subgroup_primary_subject_id_73,student,ECE15,-0.014061979920043051,-0.02498367293645089,0.0026472253902497136,5000,5000,0,4738,262,0.10517896420715857,"min(1, 2*(min(count<=0,count>=0)+1)/(B_valid+1))",0.0003999200159968006,conditional on fixed fitted predictions; seed variability separate,paired cluster multiplicity weights,0.031878192351611295,0.06690773336121607,0.041351635567578,0.07975138987714397,primary_subject_id,243,1651
subgroup_primary_subject_id_74,student,ROC_AUC,0.008848406747891335,0.0016850948058711513,0.016779485872221746,5000,5000,0,41,4959,0.016796640671865627,"min(1, 2*(min(count<=0,count>=0)+1)/(B_valid+1))",0.0003999200159968006,conditional on fixed fitted predictions; seed variability separate,paired cluster multiplicity weights,0.7300126000731945,0.796320999430957,0.7193856996754909,0.7894004224916231,primary_subject_id,245,1365
subgroup_primary_subject_id_74,student,Log_Loss,-0.006569464231801492,-0.012939210248931928,-0.0003550924353015535,5000,5000,0,4907,93,0.03759248150369926,"min(1, 2*(min(count<=0,count>=0)+1)/(B_valid+1))",0.0003999200159968006,conditional on fixed fitted predictions; seed variability separate,paired cluster multiplicity weights,0.5055398318008588,0.5819978343853794,0.5101913131130271,0.5895295857043127,primary_subject_id,245,1365
subgroup_primary_subject_id_74,student,Brier,-0.002928756189118309,-0.005558543597812074,-0.0003656204225794682,5000,5000,0,4945,55,0.022395520895820836,"min(1, 2*(min(count<=0,count>=0)+1)/(B_valid+1))",0.0003999200159968006,conditional on fixed fitted predictions; seed variability separate,paired cluster multiplicity weights,0.16873328666046777,0.19868699878262036,0.1708930127669957,0.20231284611863928,primary_subject_id,245,1365
subgroup_primary_subject_id_74,student,ECE15,0.0024627539116678226,-0.018053421741063627,0.023055570081488126,5000,5000,0,2133,2867,0.8534293141371726,"min(1, 2*(min(count<=0,count>=0)+1)/(B_valid+1))",0.0003999200159968006,conditional on fixed fitted predictions; seed variability separate,paired cluster multiplicity weights,0.02734386924791709,0.06265725133260222,0.025962663683600732,0.059936653264076115,primary_subject_id,245,1365
subgroup_primary_subject_id_75,student,ROC_AUC,0.007030666703536803,0.0008587579592003542,0.013526332565341201,5000,5000,0,64,4936,0.025994801039792043,"min(1, 2*(min(count<=0,count>=0)+1)/(B_valid+1))",0.0003999200159968006,conditional on fixed fitted predictions; seed variability separate,paired cluster multiplicity weights,0.7370340531293538,0.8014480470669932,0.7287074927315306,0.7958061145819113,primary_subject_id,247,1827
subgroup_primary_subject_id_75,student,Log_Loss,-0.004290455586011599,-0.009261422469366043,0.0005104146977344422,5000,5000,0,4793,207,0.08318336332733453,"min(1, 2*(min(count<=0,count>=0)+1)/(B_valid+1))",0.0003999200159968006,conditional on fixed fitted predictions; seed variability separate,paired cluster multiplicity weights,0.481445230847947,0.561666774234691,0.4848221395011823,0.5676694971497198,primary_subject_id,247,1827
subgroup_primary_subject_id_75,student,Brier,-0.0017228227056288459,-0.0036483243504516955,0.00020069755265037791,5000,5000,0,4798,202,0.08118376324735053,"min(1, 2*(min(count<=0,count>=0)+1)/(B_valid+1))",0.0003999200159968006,conditional on fixed fitted predictions; seed variability separate,paired cluster multiplicity weights,0.15834642485061345,0.19049981548471084,0.1595396141364317,0.19252779704591316,primary_subject_id,247,1827
subgroup_primary_subject_id_75,student,ECE15,9.143700226170448e-05,-0.015249264452125993,0.01832289283522426,5000,5000,0,2166,2834,0.8666266746650669,"min(1, 2*(min(count<=0,count>=0)+1)/(B_valid+1))",0.0003999200159968006,conditional on fixed fitted predictions; seed variability separate,paired cluster multiplicity weights,0.023917315831895023,0.05688575842531105,0.02330337228607399,0.05484504487732431,primary_subject_id,247,1827
subgroup_primary_subject_id_76,student,ROC_AUC,0.007772366807136,0.0029461561060139725,0.013093942645528088,5000,5000,0,3,4997,0.0015996800639872025,"min(1, 2*(min(count<=0,count>=0)+1)/(B_valid+1))",0.0003999200159968006,conditional on fixed fitted predictions; seed variability separate,paired cluster multiplicity weights,0.7175407524102968,0.7737181595931072,0.7089848991326813,0.7674277623005956,primary_subject_id,251,2100
subgroup_primary_subject_id_76,student,Log_Loss,-0.006276365985871446,-0.010270612262559852,-0.0024435290275389727,5000,5000,0,4997,3,0.0015996800639872025,"min(1, 2*(min(count<=0,count>=0)+1)/(B_valid+1))",0.0003999200159968006,conditional on fixed fitted predictions; seed variability separate,paired cluster multiplicity weights,0.5540116511099703,0.6054546769377873,0.5596438531649177,0.6121790830137134,primary_subject_id,251,2100
subgroup_primary_subject_id_76,student,Brier,-0.0027595332712875564,-0.00446680640992805,-0.0011286894511980418,5000,5000,0,4998,2,0.0011997600479904018,"min(1, 2*(min(count<=0,count>=0)+1)/(B_valid+1))",0.0003999200159968006,conditional on fixed fitted predictions; seed variability separate,paired cluster multiplicity weights,0.18829134322561752,0.21000980111460515,0.1908106357993937,0.21289898757778677,primary_subject_id,251,2100
subgroup_primary_subject_id_76,student,ECE15,-0.0002049497737013281,-0.02050417050087134,0.015991257014312785,5000,5000,0,2894,2106,0.8426314737052589,"min(1, 2*(min(count<=0,count>=0)+1)/(B_valid+1))",0.0003999200159968006,conditional on fixed fitted predictions; seed variability separate,paired cluster multiplicity weights,0.02640204364790674,0.05601937753957327,0.0278319467594268,0.05933484570944546,primary_subject_id,251,2100
subgroup_primary_subject_id_77,student,ROC_AUC,0.004745083149135132,-0.0016968276741477354,0.011796135357869202,5000,5000,0,410,4590,0.16436712657468505,"min(1, 2*(min(count<=0,count>=0)+1)/(B_valid+1))",0.0003999200159968006,conditional on fixed fitted predictions; seed variability separate,paired cluster multiplicity weights,0.6922970600317877,0.7714390424420784,0.6855852801585262,0.7679961536835906,primary_subject_id,279,1369
subgroup_primary_subject_id_77,student,Log_Loss,-0.0017716803072159726,-0.006611530967363538,0.002727674721659408,5000,5000,0,3837,1163,0.46550689862027594,"min(1, 2*(min(count<=0,count>=0)+1)/(B_valid+1))",0.0003999200159968006,conditional on fixed fitted predictions; seed variability separate,paired cluster multiplicity weights,0.5410882867140839,0.6223673986384292,0.542466076339082,0.6242105899631737,primary_subject_id,279,1369
subgroup_primary_subject_id_77,student,Brier,-0.0014626870381348467,-0.0034860497925034476,0.0004736157124710602,5000,5000,0,4648,352,0.14117176564687062,"min(1, 2*(min(count<=0,count>=0)+1)/(B_valid+1))",0.0003999200159968006,conditional on fixed fitted predictions; seed variability separate,paired cluster multiplicity weights,0.18319903222596348,0.21733818742122923,0.18457463341373093,0.21876256917428197,primary_subject_id,279,1369
subgroup_primary_subject_id_77,student,ECE15,-0.0021749171130607398,-0.017390993310475982,0.016410180299633214,5000,5000,0,2654,2346,0.9386122775444911,"min(1, 2*(min(count<=0,count>=0)+1)/(B_valid+1))",0.0003999200159968006,conditional on fixed fitted predictions; seed variability separate,paired cluster multiplicity weights,0.032853089040523885,0.06998245322570915,0.032407631716330106,0.07338124343983718,primary_subject_id,279,1369
subgroup_primary_subject_id_78,student,ROC_AUC,0.004613599962313919,-0.0007875241447808877,0.010657569608485615,5000,5000,0,250,4751,0.10037992401519696,"min(1, 2*(min(count<=0,count>=0)+1)/(B_valid+1))",0.0003999200159968006,conditional on fixed fitted predictions; seed variability separate,paired cluster multiplicity weights,0.7243283014660977,0.794895399017753,0.7186038581055341,0.7911948783084818,primary_subject_id,334,1184
subgroup_primary_subject_id_78,student,Log_Loss,-0.003345962517347534,-0.007110810263359713,0.0003542205374836598,5000,5000,0,4798,202,0.08118376324735053,"min(1, 2*(min(count<=0,count>=0)+1)/(B_valid+1))",0.0003999200159968006,conditional on fixed fitted predictions; seed variability separate,paired cluster multiplicity weights,0.5301040330395693,0.6010735145483163,0.5333903355816717,0.6049081118284607,primary_subject_id,334,1184
subgroup_primary_subject_id_78,student,Brier,-0.0013823261499597839,-0.0030518901486400263,0.00028522207947147195,5000,5000,0,4747,253,0.10157968406318736,"min(1, 2*(min(count<=0,count>=0)+1)/(B_valid+1))",0.0003999200159968006,conditional on fixed fitted predictions; seed variability separate,paired cluster multiplicity weights,0.17961750724312905,0.20864307258821263,0.18092443576630005,0.21014959196155947,primary_subject_id,334,1184
subgroup_primary_subject_id_78,student,ECE15,0.007689529985700792,-0.012849075513242896,0.02649254499493871,5000,5000,0,1476,3524,0.5906818636272746,"min(1, 2*(min(count<=0,count>=0)+1)/(B_valid+1))",0.0003999200159968006,conditional on fixed fitted predictions; seed variability separate,paired cluster multiplicity weights,0.027736504317637255,0.06654692361208911,0.02390688440279801,0.06034190352353234,primary_subject_id,334,1184
subgroup_primary_subject_id_79,student,ROC_AUC,0.014516750096264963,0.006055355816765956,0.02452570406982289,5000,5000,0,1,4999,0.0007998400319936012,"min(1, 2*(min(count<=0,count>=0)+1)/(B_valid+1))",0.0003999200159968006,conditional on fixed fitted predictions; seed variability separate,paired cluster multiplicity weights,0.6910469453544659,0.7796971147219812,0.6728644842085791,0.7673045517730238,primary_subject_id,406,1138
subgroup_primary_subject_id_79,student,Log_Loss,-0.010696649662408464,-0.016425180438312228,-0.004944300356958906,5000,5000,0,4999,1,0.0007998400319936012,"min(1, 2*(min(count<=0,count>=0)+1)/(B_valid+1))",0.0003999200159968006,conditional on fixed fitted predictions; seed variability separate,paired cluster multiplicity weights,0.49439170681283007,0.5729723679427221,0.5041171239074349,0.5839847756630347,primary_subject_id,406,1138
subgroup_primary_subject_id_79,student,Brier,-0.003839193262330093,-0.006203690669861791,-0.0015484021087556817,5000,5000,0,4997,3,0.0015996800639872025,"min(1, 2*(min(count<=0,count>=0)+1)/(B_valid+1))",0.0003999200159968006,conditional on fixed fitted predictions; seed variability separate,paired cluster multiplicity weights,0.1638604256918137,0.1957894424514753,0.16763065961018314,0.199825378556446,primary_subject_id,406,1138
subgroup_primary_subject_id_79,student,ECE15,-0.013515108717814722,-0.02810944062629395,0.009631706290952799,5000,5000,0,4180,820,0.32833433313337335,"min(1, 2*(min(count<=0,count>=0)+1)/(B_valid+1))",0.0003999200159968006,conditional on fixed fitted predictions; seed variability separate,paired cluster multiplicity weights,0.031960278926274635,0.07038499557622481,0.039668805198575574,0.08067018778100889,primary_subject_id,406,1138
